live_id,seq,block,song_id,performers,is_original,is_premiere,stage_type,version,medley_group,notes
20250208_gk_uijin_nagoya_noon,1,main,s_gk_06racjs,gk_saki;gk_sena,false,false,,,,
20250208_gk_uijin_nagoya_noon,2,main,s_campusmode,gk_saki;gk_sena,false,false,,,,
20250208_gk_uijin_nagoya_noon,3,main,s_gk_1hptkz6,gk_sena,true,false,,,,
20250208_gk_uijin_nagoya_noon,4,main,s_fightingmyway,gk_saki,true,false,,,,
20250208_gk_uijin_nagoya_noon,5,main,s_choochoochoo,gk_sena,true,false,,,,
20250208_gk_uijin_nagoya_noon,6,main,s_ego,gk_saki,true,false,,,,
20250208_gk_uijin_nagoya_noon,7,main,s_ourchant,gk_sena,true,false,,,,
20250208_gk_uijin_nagoya_noon,8,main,s_gk_1l30awb,gk_sena;gk_saki,false,false,,,,
20250208_gk_uijin_nagoya_noon,9,main,s_endlessdance,gk_saki;gk_sena,false,false,,,,
20250208_gk_uijin_nagoya_noon,10,encore,s_whitenightwhitewish,gk_sena;gk_saki,false,false,,,,
20250208_gk_uijin_nagoya_noon,11,encore,s_gk_06racjs,gk_saki;gk_sena,false,false,,,,
20250208_gk_uijin_nagoya_night,1,main,s_gk_06racjs,gk_saki;gk_sena,false,false,,,,
20250208_gk_uijin_nagoya_night,2,main,s_campusmode,gk_saki;gk_sena,false,false,,,,
20250208_gk_uijin_nagoya_night,3,main,s_gk_1hptkz6,gk_sena,true,false,,,,
20250208_gk_uijin_nagoya_night,4,main,s_fightingmyway,gk_saki,true,false,,,,
20250208_gk_uijin_nagoya_night,5,main,s_choochoochoo,gk_sena,true,false,,,,
20250208_gk_uijin_nagoya_night,6,main,s_ego,gk_saki,true,false,,,,
20250208_gk_uijin_nagoya_night,7,main,s_ourchant,gk_sena,true,false,,,,
20250208_gk_uijin_nagoya_night,8,main,s_howlingovertheworld,gk_saki;gk_sena,false,false,,,,
20250208_gk_uijin_nagoya_night,9,main,s_endlessdance,gk_saki;gk_sena,false,false,,,,
20250208_gk_uijin_nagoya_night,10,encore,s_whitenightwhitewish,gk_sena;gk_saki,false,false,,,,
20250208_gk_uijin_nagoya_night,11,encore,s_gk_06racjs,gk_saki;gk_sena,false,false,,,,
20250211_gk_uijin_umeda_noon,1,main,s_gk_06racjs,gk_misuzu;gk_saki;gk_sena,false,false,,,,
20250211_gk_uijin_umeda_noon,2,main,s_campusmode,gk_misuzu;gk_saki;gk_sena,false,false,,,,
20250211_gk_uijin_umeda_noon,3,main,s_gk_0ryntbw,gk_misuzu,true,false,,,,
20250211_gk_uijin_umeda_noon,4,main,s_gk_1hptkz6,gk_sena,true,false,,,,
20250211_gk_uijin_umeda_noon,5,main,s_fightingmyway,gk_saki,true,false,,,,
20250211_gk_uijin_umeda_noon,6,main,s_choochoochoo,gk_sena,true,false,,,,
20250211_gk_uijin_umeda_noon,7,main,s_ego,gk_saki,true,false,,,,
20250211_gk_uijin_umeda_noon,8,main,s_gk_1l3xc05,gk_misuzu,true,false,,,,
20250211_gk_uijin_umeda_noon,9,main,s_ourchant,gk_sena,true,false,,,,
20250211_gk_uijin_umeda_noon,10,main,s_gk_019m885,gk_sena;gk_saki;gk_misuzu,false,false,,,,
20250211_gk_uijin_umeda_noon,11,main,s_endlessdance,gk_saki;gk_sena;gk_misuzu,false,false,,,,
20250211_gk_uijin_umeda_noon,12,encore,s_gk_1fyqmn3,gk_misuzu;gk_saki;gk_sena,false,false,,,,
20250211_gk_uijin_umeda_noon,13,encore,s_gk_06racjs,gk_misuzu;gk_saki;gk_sena,false,false,,,,
20250211_gk_uijin_umeda_night,1,main,s_gk_06racjs,gk_misuzu;gk_saki;gk_sena,false,false,,,,
20250211_gk_uijin_umeda_night,2,main,s_campusmode,gk_misuzu;gk_saki;gk_sena,false,false,,,,
20250211_gk_uijin_umeda_night,3,main,s_gk_0ryntbw,gk_misuzu,true,false,,,,
20250211_gk_uijin_umeda_night,4,main,s_gk_1hptkz6,gk_sena,true,false,,,,
20250211_gk_uijin_umeda_night,5,main,s_fightingmyway,gk_saki,true,false,,,,
20250211_gk_uijin_umeda_night,6,main,s_choochoochoo,gk_sena,true,false,,,,
20250211_gk_uijin_umeda_night,7,main,s_ego,gk_saki,true,false,,,,
20250211_gk_uijin_umeda_night,8,main,s_gk_1l3xc05,gk_misuzu,true,false,,,,
20250211_gk_uijin_umeda_night,9,main,s_gk_0envr01,gk_misuzu,true,false,,,,
20250211_gk_uijin_umeda_night,10,main,s_gk_1l30awb,gk_misuzu;gk_sena;gk_saki,false,false,,,,
20250211_gk_uijin_umeda_night,11,main,s_endlessdance,gk_saki;gk_sena;gk_misuzu,false,false,,,,
20250211_gk_uijin_umeda_night,12,encore,s_gk_1fyqmn3,gk_misuzu;gk_saki;gk_sena,false,false,,,,
20250211_gk_uijin_umeda_night,13,encore,s_gk_06racjs,gk_misuzu;gk_saki;gk_sena,false,false,,,,
20250216_gk_uijin_shibuya_noon,1,main,s_gk_06racjs,gk_misuzu;gk_saki;gk_sena,false,false,,,,
20250216_gk_uijin_shibuya_noon,2,main,s_campusmode,gk_misuzu;gk_saki;gk_sena,false,false,,,,
20250216_gk_uijin_shibuya_noon,3,main,s_gk_0ryntbw,gk_misuzu,true,false,,,,
20250216_gk_uijin_shibuya_noon,4,main,s_gk_1hptkz6,gk_sena,true,false,,,,
20250216_gk_uijin_shibuya_noon,5,main,s_fightingmyway,gk_saki,true,false,,,,
20250216_gk_uijin_shibuya_noon,6,main,s_choochoochoo,gk_sena,true,false,,,,
20250216_gk_uijin_shibuya_noon,7,main,s_ego,gk_saki,true,false,,,,
20250216_gk_uijin_shibuya_noon,8,main,s_gk_1l3xc05,gk_misuzu,true,false,,,,
20250216_gk_uijin_shibuya_noon,9,main,s_ourchant,gk_sena,true,false,,,,
20250216_gk_uijin_shibuya_noon,10,main,s_howlingovertheworld,gk_saki;gk_misuzu;gk_sena,false,false,,,,
20250216_gk_uijin_shibuya_noon,11,main,s_endlessdance,gk_saki;gk_sena;gk_misuzu,false,false,,,,
20250216_gk_uijin_shibuya_noon,12,encore,s_whitenightwhitewish,gk_sena;gk_misuzu;gk_saki,false,false,,,,
20250216_gk_uijin_shibuya_noon,13,encore,s_gk_06racjs,gk_misuzu;gk_saki;gk_sena,false,false,,,,
20250216_gk_uijin_shibuya_night,1,main,s_gk_06racjs,gk_misuzu;gk_saki;gk_sena,false,false,,,,
20250216_gk_uijin_shibuya_night,2,main,s_campusmode,gk_misuzu;gk_saki;gk_sena,false,false,,,,
20250216_gk_uijin_shibuya_night,3,main,s_gk_0ryntbw,gk_misuzu,true,false,,,,
20250216_gk_uijin_shibuya_night,4,main,s_gk_1hptkz6,gk_sena,true,false,,,,
20250216_gk_uijin_shibuya_night,5,main,s_fightingmyway,gk_saki,true,false,,,,
20250216_gk_uijin_shibuya_night,6,main,s_choochoochoo,gk_sena,true,false,,,,
20250216_gk_uijin_shibuya_night,7,main,s_ego,gk_saki,true,false,,,,
20250216_gk_uijin_shibuya_night,8,main,s_gk_1l3xc05,gk_misuzu,true,false,,,,
20250216_gk_uijin_shibuya_night,9,main,s_gk_0envr01,gk_misuzu,true,false,,,,
20250216_gk_uijin_shibuya_night,10,main,s_gk_019m885,gk_sena;gk_saki;gk_misuzu,false,false,,,,
20250216_gk_uijin_shibuya_night,11,main,s_endlessdance,gk_saki;gk_sena;gk_misuzu,false,false,,,,
20250216_gk_uijin_shibuya_night,12,encore,s_gk_1fyqmn3,gk_misuzu;gk_saki;gk_sena,false,false,,,,
20250216_gk_uijin_shibuya_night,13,encore,s_gk_06racjs,gk_misuzu;gk_saki;gk_sena,false,false,,,,
20250704_gk_uijin_shibuya_add_noon,1,main,s_gk_06racjs,gk_misuzu;gk_ume;gk_sena,false,false,,,,
20250704_gk_uijin_shibuya_add_noon,2,main,s_campusmode,gk_misuzu;gk_ume;gk_sena,false,false,,,,
20250704_gk_uijin_shibuya_add_noon,3,main,s_therollingriceball,gk_ume,true,false,,,,
20250704_gk_uijin_shibuya_add_noon,4,main,s_gk_0ryntbw,gk_misuzu,true,false,,,,
20250704_gk_uijin_shibuya_add_noon,5,main,s_gk_1hptkz6,gk_sena,true,false,,,,
20250704_gk_uijin_shibuya_add_noon,6,main,s_ourchant,gk_sena,true,false,,,,
20250704_gk_uijin_shibuya_add_noon,7,main,s_gk_0wv5cck,gk_ume,true,false,,,,
20250704_gk_uijin_shibuya_add_noon,8,main,s_superlative,gk_misuzu,true,false,,,,
20250704_gk_uijin_shibuya_add_noon,9,main,s_gk_1l3xc05,gk_misuzu,true,false,,,,
20250704_gk_uijin_shibuya_add_noon,10,main,s_cosmetic,gk_sena,true,false,,,,
20250704_gk_uijin_shibuya_add_noon,11,main,s_gk_0y71s21,gk_ume,true,false,,,,
20250704_gk_uijin_shibuya_add_noon,12,main,s_endlessdance,gk_ume;gk_sena;gk_misuzu,false,false,,,,
20250704_gk_uijin_shibuya_add_noon,13,main,s_whitenightwhitewish,gk_sena;gk_misuzu;gk_ume,false,false,,,,
20250704_gk_uijin_shibuya_add_noon,14,encore,s_starmine,gk_misuzu;gk_sena;gk_ume,true,false,,,,
20250704_gk_uijin_shibuya_add_noon,15,encore,s_gk_06racjs,gk_misuzu;gk_ume;gk_sena,false,false,,,,
20250704_gk_uijin_shibuya_add_night,1,main,s_gk_06racjs,gk_misuzu;gk_ume;gk_sena,false,false,,,,
20250704_gk_uijin_shibuya_add_night,2,main,s_campusmode,gk_misuzu;gk_ume;gk_sena,false,false,,,,
20250704_gk_uijin_shibuya_add_night,3,main,s_therollingriceball,gk_ume,true,false,,,,
20250704_gk_uijin_shibuya_add_night,4,main,s_gk_0ryntbw,gk_misuzu,true,false,,,,
20250704_gk_uijin_shibuya_add_night,5,main,s_gk_1hptkz6,gk_sena,true,false,,,,
20250704_gk_uijin_shibuya_add_night,6,main,s_ourchant,gk_sena,true,false,,,,
20250704_gk_uijin_shibuya_add_night,7,main,s_gk_0wv5cck,gk_ume,true,false,,,,
20250704_gk_uijin_shibuya_add_night,8,main,s_superlative,gk_misuzu,true,false,,,,
20250704_gk_uijin_shibuya_add_night,9,main,s_gk_0envr01,gk_misuzu,true,false,,,,
20250704_gk_uijin_shibuya_add_night,10,main,s_choochoochoo,gk_sena,true,false,,,,
20250704_gk_uijin_shibuya_add_night,11,main,s_gk_0y71s21,gk_ume,true,false,,,,
20250704_gk_uijin_shibuya_add_night,12,main,s_endlessdance,gk_ume;gk_sena;gk_misuzu,false,false,,,,
20250704_gk_uijin_shibuya_add_night,13,main,s_whitenightwhitewish,gk_sena;gk_misuzu;gk_ume,false,false,,,,
20250704_gk_uijin_shibuya_add_night,14,encore,s_starmine,gk_misuzu;gk_sena;gk_ume,true,false,,,,
20250704_gk_uijin_shibuya_add_night,15,encore,s_gk_06racjs,gk_misuzu;gk_ume;gk_sena,false,false,,,,
20250802_765_neverend_d1,1,main,s_theidolmster,765as_haruka;765as_chihaya;765as_miki;765as_yukiho;765as_yayoi;765as_makoto;765as_iori;765as_takane;765as_ritsuko;765as_azusa;765as_ami;765as_hibiki,,false,,,,
20250802_765_neverend_d1,2,main,s_the,765as_ritsuko;765as_iori;765as_haruka;765as_yayoi,false,false,,,,
20250802_765_neverend_d1,3,main,s_765as_1nl4rwo,765as_azusa;765as_yukiho;765as_miki,,false,,,,
20250802_765_neverend_d1,4,main,s_765as_1gk9a0f,765as_makoto;765as_hibiki;765as_ami,false,false,,,,
20250802_765_neverend_d1,5,main,s_miraclenight,765as_yayoi;765as_haruka;765as_chihaya;765as_iori;765as_takane,,false,,,,
20250802_765_neverend_d1,6,main,s_idol,765as_kotori;765as_ritsuko,true,false,,,,
20250802_765_neverend_d1,7,main,s_eden,765as_yukiho;765as_takane;765as_ami;765as_azusa,false,false,,,,
20250802_765_neverend_d1,8,main,s_crossover_02lesfr,765as_iori;765as_hibiki;765as_miki;765as_chihaya,,false,,,,
20250802_765_neverend_d1,9,main,s_halftone,765as_makoto;765as_yukiho,true,false,,,,
20250802_765_neverend_d1,10,main,s_bang,765as_ritsuko;765as_yayoi;765as_ami;765as_azusa,,false,,,,
20250802_765_neverend_d1,11,main,s_voyger,765as_makoto;765as_miki;765as_haruka;765as_chihaya;765as_takane;765as_hibiki,,false,,,,
20250802_765_neverend_d1,12,main,s_ready,765as_haruka;765as_chihaya;765as_miki;765as_yukiho;765as_yayoi;765as_makoto;765as_iori;765as_takane;765as_ritsuko;765as_azusa;765as_ami;765as_hibiki,false,false,,medley,,
20250802_765_neverend_d1,13,main,s_change,765as_haruka;765as_chihaya;765as_miki;765as_yukiho;765as_yayoi;765as_makoto;765as_iori;765as_takane;765as_ritsuko;765as_azusa;765as_ami;765as_hibiki,false,false,,medley,,
20250802_765_neverend_d1,14,main,s_765as_1ewun46,765as_yayoi,true,false,,short,,
20250802_765_neverend_d1,15,main,s_765as_0g3r6tw,765as_chihaya,false,false,,game,,
20250802_765_neverend_d1,16,main,s_765as_01pm3lb,765as_hibiki;765as_takane,true,false,,short,,
20250802_765_neverend_d1,17,main,s_765as_0za1sbd,765as_takane;765as_hibiki,true,false,,short,,
20250802_765_neverend_d1,18,main,s_765as_1yqfoib,765as_yukiho,true,false,,short,,
20250802_765_neverend_d1,19,main,s_765as_0cyq15o,765as_ritsuko;765as_ami,false,false,,short,,
20250802_765_neverend_d1,20,main,s_shyshining,765as_iori;765as_yayoi,false,false,,game,,
20250802_765_neverend_d1,21,main,s_theworldisallone,765as_yukiho;765as_haruka;765as_hibiki,false,false,,short,,
20250802_765_neverend_d1,22,main,s_show,765as_ritsuko;765as_makoto;765as_miki;765as_ami;765as_takane;765as_chihaya,,false,,short,,
20250802_765_neverend_d1,23,main,s_town,765as_yukiho;765as_hibiki;765as_iori;765as_kotori;765as_haruka;765as_yayoi;765as_azusa,false,false,,,,
20250802_765_neverend_d1,24,main,s_765as_1yw5ep9,765as_kotori,true,false,,short,,
20250802_765_neverend_d1,25,main,s_fermatainrapsodia,765as_takane;765as_azusa;765as_chihaya,true,false,,game,,
20250802_765_neverend_d1,26,main,s_discordarea,765as_ritsuko,true,false,,short,,
20250802_765_neverend_d1,27,main,s_765as_1pbe8rs,765as_miki,true,false,,short,,
20250802_765_neverend_d1,28,main,s_765as_1thwh6d,765as_makoto,true,false,,short,,
20250802_765_neverend_d1,29,main,s_765as_0nxvcqr,765as_ami,false,false,,short,,
20250802_765_neverend_d1,30,main,s_ml_11bexh6,765as_iori,true,false,,short,,
20250802_765_neverend_d1,31,main,s_765as_06ef4dj,765as_azusa,true,false,,short,,
20250802_765_neverend_d1,32,main,s_imyours,765as_haruka,true,false,,short,,
20250802_765_neverend_d1,33,main,s_765as_1qi3e18,765as_miki;765as_kotori;765as_makoto,false,false,,short,,
20250802_765_neverend_d1,34,main,s_colorfuldays,765as_haruka;765as_chihaya;765as_miki;765as_yukiho;765as_yayoi;765as_makoto;765as_iori;765as_takane;765as_ritsuko;765as_azusa;765as_ami;765as_hibiki;765as_kotori,,false,,short,,
20250802_765_neverend_d1,35,main,s_765as_1nzrf50,765as_haruka;765as_chihaya;765as_miki;765as_yukiho;765as_yayoi;765as_makoto;765as_iori;765as_takane;765as_ritsuko;765as_azusa;765as_ami;765as_hibiki,true,false,,,,
20250802_765_neverend_d1,36,encore,s_765as_1snprhs,765as_haruka;765as_chihaya;765as_miki;765as_yukiho;765as_yayoi;765as_makoto;765as_iori;765as_takane;765as_ritsuko;765as_azusa;765as_ami;765as_hibiki;765as_kotori,false,false,,,,
20250802_765_neverend_d1,37,encore,s_msterpiece,765as_haruka;765as_chihaya;765as_miki;765as_yukiho;765as_yayoi;765as_makoto;765as_iori;765as_takane;765as_ritsuko;765as_azusa;765as_ami;765as_hibiki;765as_kotori,false,false,,,,
20250803_765_neverend_d2,1,main,s_theidolmster,765as_haruka;765as_chihaya;765as_miki;765as_yukiho;765as_yayoi;765as_makoto;765as_iori;765as_takane;765as_ritsuko;765as_azusa;765as_ami;765as_hibiki;765as_kotori,,false,,,,
20250803_765_neverend_d2,2,main,s_gomyway,765as_ritsuko;765as_yukiho;765as_haruka;765as_yayoi;765as_ami,,false,,,,
20250803_765_neverend_d2,3,main,s_relations,765as_miki;765as_chihaya,,false,,,,
20250803_765_neverend_d2,4,main,s_moony,765as_ami;765as_iori;765as_ritsuko;765as_azusa,false,false,,,,
20250803_765_neverend_d2,5,main,s_765as_09fmqny,765as_makoto;765as_iori;765as_kotori,,false,,,,
20250803_765_neverend_d2,6,main,s_lost,765as_azusa;765as_takane;765as_hibiki,false,false,,,,
20250803_765_neverend_d2,7,main,s_yes,765as_haruka;765as_makoto,true,false,,,,
20250803_765_neverend_d2,8,main,s_765as_0jqujd3,765as_yukiho;765as_yayoi;765as_miki,true,false,,,,
20250803_765_neverend_d2,9,main,s_littlematchgirl,765as_iori;765as_chihaya;765as_yukiho;765as_takane,,false,,,,
20250803_765_neverend_d2,10,main,s_shinysmile,765as_ritsuko;765as_haruka;765as_hibiki;765as_azusa,,false,,,,
20250803_765_neverend_d2,11,main,s_765as_1wqprrg,765as_chihaya;765as_makoto;765as_ami;765as_yayoi,true,false,,,,
20250803_765_neverend_d2,12,main,s_realize,765as_takane;765as_miki;765as_hibiki,true,false,,,,
20250803_765_neverend_d2,13,main,s_ready,765as_haruka;765as_chihaya;765as_miki;765as_yukiho;765as_yayoi;765as_makoto;765as_iori;765as_takane;765as_ritsuko;765as_azusa;765as_ami;765as_hibiki,false,false,,medley,,
20250803_765_neverend_d2,14,main,s_change,765as_haruka;765as_chihaya;765as_miki;765as_yukiho;765as_yayoi;765as_makoto;765as_iori;765as_takane;765as_ritsuko;765as_azusa;765as_ami;765as_hibiki,false,false,,medley,,
20250803_765_neverend_d2,15,main,s_765as_0sjai7d,765as_haruka,true,false,,short,,
20250803_765_neverend_d2,16,main,s_765as_1ewun46,765as_yayoi,true,false,,short,,
20250803_765_neverend_d2,17,main,s_765as_1wk61fu,765as_yukiho;765as_iori,,false,,short,,
20250803_765_neverend_d2,18,main,s_ido,765as_azusa,true,false,,short,,
20250803_765_neverend_d2,19,main,s_youmy,765as_ami,true,false,,short,,
20250803_765_neverend_d2,20,main,s_765as_15l8a85,765as_ritsuko,true,false,,short,,
20250803_765_neverend_d2,21,main,s_765as_0xpblq3,765as_kotori,true,false,,short,,
20250803_765_neverend_d2,22,main,s_show,765as_azusa;765as_yukiho;765as_iori;765as_yayoi;765as_hibiki;765as_haruka,,false,,short,,
20250803_765_neverend_d2,23,main,s_town,765as_ritsuko;765as_chihaya;765as_miki;765as_kotori;765as_makoto;765as_takane;765as_ami,false,false,,,,
20250803_765_neverend_d2,24,main,s_dayofthefuture,765as_miki,true,false,,short,,
20250803_765_neverend_d2,25,main,s_ml_00j3nrn,765as_yukiho,true,false,,short,,
20250803_765_neverend_d2,26,main,s_goodbyes,765as_takane;765as_ami;765as_yayoi,,false,,short,,
20250803_765_neverend_d2,27,main,s_music,765as_kotori;765as_hibiki;765as_ritsuko;765as_azusa;765as_makoto,false,false,,game,,
20250803_765_neverend_d2,28,main,s_diamond,765as_iori,true,false,,short,,
20250803_765_neverend_d2,29,main,s_tear,765as_makoto,true,false,,short,,
20250803_765_neverend_d2,30,main,s_nextlife,765as_hibiki,true,false,,short,,
20250803_765_neverend_d2,31,main,s_765as_06516fm,765as_takane,true,false,,short,,
20250803_765_neverend_d2,32,main,s_765as_10d695k,765as_chihaya,true,false,,game,,
20250803_765_neverend_d2,33,main,s_grtitude,765as_miki;765as_chihaya;765as_haruka,,false,,game,,
20250803_765_neverend_d2,34,main,s_765as_1thtbr8,765as_haruka;765as_chihaya;765as_miki;765as_yukiho;765as_yayoi;765as_makoto;765as_iori;765as_takane;765as_ritsuko;765as_azusa;765as_ami;765as_hibiki;765as_kotori,,false,,short,,
20250803_765_neverend_d2,35,main,s_765as_1vkzfqz,765as_haruka;765as_chihaya;765as_miki;765as_yukiho;765as_yayoi;765as_makoto;765as_iori;765as_takane;765as_ritsuko;765as_azusa;765as_ami;765as_hibiki;765as_kotori,false,false,,,,
20250803_765_neverend_d2,36,encore,s_destiny,765as_haruka;765as_chihaya;765as_miki;765as_yukiho;765as_yayoi;765as_makoto;765as_iori;765as_takane;765as_ritsuko;765as_azusa;765as_ami;765as_hibiki,false,false,,,,
20250803_765_neverend_d2,37,encore,s_msterpiece,765as_haruka;765as_chihaya;765as_miki;765as_yukiho;765as_yayoi;765as_makoto;765as_iori;765as_takane;765as_ritsuko;765as_azusa;765as_ami;765as_hibiki;765as_kotori,false,false,,,,
20250906_cg10th_memorial_d1,1,main,s_cg_118yoj6,cg_x045;cg_kanako;cg_x032;cg_nono;cg_kirari;cg_x042;cg_makino;cg_x006;cg_x019;cg_x003;cg_x049;cg_x046;cg_x017;cg_x001;cg_x008;cg_x009;cg_x004;cg_sae;cg_mizuki;cg_frederica;cg_yumi;cg_kanade;cg_shiki2;cg_yoshino;cg_hijiri;cg_koharu;cg_x033;cg_miyu;cg_x020;cg_x039;cg_x034;cg_x026;cg_rika;cg_x037;cg_x012;cg_mika;cg_x023,false,false,,,,
20250906_cg10th_memorial_d1,2,main,s_twin,cg_rika;cg_mika,,false,,,,
20250906_cg10th_memorial_d1,3,main,s_cg_15bdtho,cg_yumi;cg_x006;cg_kirari,,false,,,,
20250906_cg10th_memorial_d1,4,main,s_nooneknows,cg_x009;cg_kanade;cg_makino;cg_x003,,false,,,,
20250906_cg10th_memorial_d1,5,main,s_sweetwitchesnight6,cg_x006;cg_airi;cg_nono;cg_kanako;cg_x019,,false,,,,
20250906_cg10th_memorial_d1,6,main,s_lilactime,cg_yumi,true,false,,game,,
20250906_cg10th_memorial_d1,7,main,s_romanticnow,cg_x001,true,false,,game,,
20250906_cg10th_memorial_d1,8,main,s_cg_0hkncol,cg_airi,true,false,,,,
20250906_cg10th_memorial_d1,9,main,s_cg_1jcyar4,cg_sae;cg_x017;cg_miyu;cg_hijiri;cg_x023;cg_x037,,false,,,,
20250906_cg10th_memorial_d1,10,main,s_fine,cg_x012;cg_shiki2,,false,,,,
20250906_cg10th_memorial_d1,11,main,s_cg_11ayici,cg_kanade;cg_x020;cg_x017;cg_x039;cg_x003,true,false,,,,
20250906_cg10th_memorial_d1,12,main,s_secretmirage,cg_sae;cg_x026,,false,,,,
20250906_cg10th_memorial_d1,13,main,s_cg_12tiwhj,cg_x008;cg_shiki2;cg_x034;cg_x033;cg_makino,,false,,,,
20250906_cg10th_memorial_d1,14,main,s_happynewyeah,cg_x004;cg_x023,false,false,,medley,,
20250906_cg10th_memorial_d1,15,main,s_happy2days,cg_koharu;cg_x033;cg_kanako,,false,,medley,,
20250906_cg10th_memorial_d1,16,main,s_jettothefuture,cg_x039;cg_x045,,false,,medley,,
20250906_cg10th_memorial_d1,17,main,s_cg_03520kq,cg_nono;cg_x019;cg_yoshino;cg_x046;cg_kirari,,false,,medley,,
20250906_cg10th_memorial_d1,18,main,s_cg_1w3tio2,cg_rika;cg_x009;cg_makino;cg_x003;cg_x034,,false,,medley,,
20250906_cg10th_memorial_d1,19,main,s_hamburg,cg_x020;cg_x049,false,false,,medley,,
20250906_cg10th_memorial_d1,20,main,s_islove,cg_kanako;cg_x042;cg_x006,,false,,medley,,
20250906_cg10th_memorial_d1,21,main,s_cantstop,cg_x009;cg_x026;cg_mizuki,false,false,,medley,,
20250906_cg10th_memorial_d1,22,main,s_snowwings,cg_hijiri;cg_x004,false,false,,medley,,
20250906_cg10th_memorial_d1,23,main,s_nighttimewander,cg_shiki2;cg_frederica,,false,,medley,,
20250906_cg10th_memorial_d1,24,main,s_nextchapter,cg_x023;cg_mizuki;cg_miyu,,false,,medley,,
20250906_cg10th_memorial_d1,25,main,s_cg_12bn4eu,cg_x037;cg_yoshino,,false,,medley,,
20250906_cg10th_memorial_d1,26,main,s_cg_1sdcu3x,cg_x032;cg_x045,,false,,medley,,
20250906_cg10th_memorial_d1,27,main,s_darklilysgrin,cg_x012;cg_x020,,false,,medley,,
20250906_cg10th_memorial_d1,28,main,s_cg_1pby151,cg_x037;cg_hijiri,false,false,,medley,,
20250906_cg10th_memorial_d1,29,main,s_starrygoround,cg_x032;cg_x042;cg_frederica;cg_x004;cg_sae;cg_x008;cg_x012,false,false,,,,
20250906_cg10th_memorial_d1,30,main,s_yespartytime,cg_x046;cg_x039;cg_x001;cg_koharu;cg_rika;cg_x049;cg_x017,false,false,,,,
20250906_cg10th_memorial_d1,31,main,s_cg_0vk0vlr,cg_x008;cg_x034;cg_nono;cg_x033,,false,,,,
20250906_cg10th_memorial_d1,32,main,s_cg_10fw229,cg_x006;cg_kirari;cg_airi;cg_rika;cg_yumi,,false,,,,
20250906_cg10th_memorial_d1,33,main,s_nocturne,cg_x037;cg_miyu;cg_mizuki,false,false,,,,
20250906_cg10th_memorial_d1,34,main,s_kawaiimakemyday,cg_x026;cg_x032;cg_nono;cg_x019,,false,,,,
20250906_cg10th_memorial_d1,35,main,s_okurimonosunday,cg_x033;cg_x034;cg_rika;cg_mika,,false,,,,
20250906_cg10th_memorial_d1,36,main,s_cg_1fea4wl,cg_x023;cg_sae;cg_x037;cg_yoshino,,false,,,,
20250906_cg10th_memorial_d1,37,main,s_cg_17sl32t,cg_koharu;cg_x017;cg_x049;cg_x045;cg_x039;cg_x001;cg_x046,,false,,,,
20250906_cg10th_memorial_d1,38,main,s_hungrybambi,cg_x046;cg_x020;cg_x049;cg_x009;cg_x042;cg_kanako,,false,,,,
20250906_cg10th_memorial_d1,39,main,s_thevillainsnight,cg_yumi;cg_x012;cg_x001;cg_x032;cg_frederica,,false,,,,
20250906_cg10th_memorial_d1,40,main,s_fantasiaforthegirls,cg_miyu;cg_x003;cg_x034;cg_nono;cg_hijiri,,false,,,,
20250906_cg10th_memorial_d1,41,main,s_prettyliar,cg_kanade;cg_mizuki,,false,,,,
20250906_cg10th_memorial_d1,42,main,s_tulip,cg_x039;cg_shiki2;cg_x017;cg_kanade;cg_makino;cg_frederica;cg_x046;cg_mika;cg_x004,false,false,,,,
20250906_cg10th_memorial_d1,43,main,s_cg_0xzx4dx,cg_x026;cg_yoshino;cg_koharu;cg_x001;cg_x045;cg_x049;cg_x042;cg_kirari;cg_x019;cg_x008,,false,,,,
20250906_cg10th_memorial_d1,44,main,s_cg_04ctbv1,cg_x045;cg_kanako;cg_x032;cg_nono;cg_kirari;cg_x042;cg_makino;cg_x006;cg_x019;cg_x003;cg_x049;cg_x046;cg_x017;cg_x001;cg_x008;cg_x009;cg_x004;cg_sae;cg_mizuki;cg_frederica;cg_yumi;cg_kanade;cg_shiki2;cg_yoshino;cg_hijiri;cg_koharu;cg_x033;cg_miyu;cg_x020;cg_x039;cg_x034;cg_x026;cg_rika;cg_x037;cg_x012;cg_mika;cg_x023,,false,,,,
20250906_cg10th_memorial_d1,45,encore,s_everafter,cg_x045;cg_kanako;cg_x032;cg_nono;cg_kirari;cg_x042;cg_makino;cg_x006;cg_x019;cg_x003;cg_x049;cg_x046;cg_x017;cg_x001;cg_x008;cg_x009;cg_x004;cg_sae;cg_mizuki;cg_frederica;cg_yumi;cg_kanade;cg_shiki2;cg_yoshino;cg_hijiri;cg_koharu;cg_x033;cg_miyu;cg_x020;cg_x039;cg_x034;cg_x026;cg_rika;cg_x037;cg_x012;cg_mika;cg_x023;cg_airi,,false,,,,
20250906_cg10th_memorial_d1,46,encore,s_beyondthestarlight,cg_x045;cg_kanako;cg_x032;cg_nono;cg_kirari;cg_x042;cg_makino;cg_x006;cg_x019;cg_x003;cg_x049;cg_x046;cg_x017;cg_x001;cg_x008;cg_x009;cg_x004;cg_sae;cg_mizuki;cg_frederica;cg_yumi;cg_kanade;cg_shiki2;cg_yoshino;cg_hijiri;cg_koharu;cg_x033;cg_miyu;cg_x020;cg_x039;cg_x034;cg_x026;cg_rika;cg_x037;cg_x012;cg_mika;cg_x023;cg_airi,,false,,,,
20250907_cg10th_memorial_d2,1,main,s_cg_0i6kt8w,cg_x027;cg_nao;cg_x014;cg_x036;cg_riina;cg_x041;cg_anzu;cg_x050;cg_yuko;cg_x024;cg_tsukasa;cg_x047;cg_x015;cg_x038;cg_shiki;cg_x013;cg_karen;cg_natsuki;cg_uzuki;cg_rin;cg_x035;cg_miho;cg_x021;cg_x011;cg_x025;cg_x007;cg_x031;cg_mayu;cg_koume;cg_x028;cg_hotaru;cg_x044;cg_x010;cg_aiko;cg_x002;cg_yui,,false,,,,
20250907_cg10th_memorial_d2,2,main,s_cg_1tkwfzl,cg_x022;cg_x024,,false,,,,
20250907_cg10th_memorial_d2,3,main,s_diary,cg_aiko;cg_x025,,false,,,,
20250907_cg10th_memorial_d2,4,main,s_cg_1r9ktiw,cg_x031;cg_natsuki;cg_x035,false,false,,,,
20250907_cg10th_memorial_d2,5,main,s_brandnew,cg_x021;cg_x024;cg_tsukasa,true,false,,,,
20250907_cg10th_memorial_d2,6,main,s_frozentears,cg_karen,true,false,,game,,
20250907_cg10th_memorial_d2,7,main,s_love_2,cg_x036,true,false,,game,,
20250907_cg10th_memorial_d2,8,main,s_cg_1pmbxat,cg_x013,true,false,,,,
20250907_cg10th_memorial_d2,9,main,s_cg_0mt8wko,cg_x031;cg_x025;cg_x050,,false,,,,
20250907_cg10th_memorial_d2,10,main,s_cg_0l6usvv,cg_x010;cg_hotaru;cg_x015;cg_aiko;cg_x011,,false,,,,
20250907_cg10th_memorial_d2,11,main,s_cg_0bv2m11,cg_riina;cg_uzuki;cg_x007;cg_rin;cg_nao,,false,,,,
20250907_cg10th_memorial_d2,12,main,s_homesweethome,cg_mayu;cg_x024;cg_miho;cg_x025;cg_koume,,false,,,,
20250907_cg10th_memorial_d2,13,main,s_nightwear,cg_x015;cg_tsukasa;cg_yui,false,false,,,,
20250907_cg10th_memorial_d2,14,main,s_cg_05sgb1r,cg_uzuki;cg_rin,,false,,medley,,
20250907_cg10th_memorial_d2,15,main,s_wondergoeson,cg_riina;cg_natsuki,,false,,medley,,
20250907_cg10th_memorial_d2,16,main,s_cg_1sl7qf3,cg_x028;cg_x011;cg_x002;cg_x007;cg_x050,,false,,medley,,
20250907_cg10th_memorial_d2,17,main,s_cg_1reejoo,cg_x047;cg_x035;cg_x041,,false,,medley,,
20250907_cg10th_memorial_d2,18,main,s_cg_1enuwvd,cg_x024;cg_hotaru,,false,,medley,,
20250907_cg10th_memorial_d2,19,main,s_cg_0hd0fuj,cg_koume;cg_x038,,false,,medley,,
20250907_cg10th_memorial_d2,20,main,s_cg_1wjkcgu,cg_x010;cg_mayu,false,false,,medley,,
20250907_cg10th_memorial_d2,21,main,s_cg_0sn6qqx,cg_koume;cg_x013;cg_shiki,,false,,,,
20250907_cg10th_memorial_d2,22,main,s_cg_1uq2xbt,cg_x047,false,false,,medley,,
20250907_cg10th_memorial_d2,23,main,s_otahen,cg_anzu,false,false,,medley,,
20250907_cg10th_memorial_d2,24,main,s_crossover_02lesfr,cg_x027;cg_yui,,false,,medley,,
20250907_cg10th_memorial_d2,25,main,s_trustme,cg_x014;cg_x044;cg_shiki,false,false,,medley,,
20250907_cg10th_memorial_d2,26,main,s_cg_1dpldt7,cg_karen;cg_nao,,false,,medley,,
20250907_cg10th_memorial_d2,27,main,s_cg_004lswj,cg_anzu;cg_x002;cg_yuko,,false,,medley,,
20250907_cg10th_memorial_d2,28,main,s_cg_0600ytp,cg_x014;cg_x028,,false,,medley,,
20250907_cg10th_memorial_d2,29,main,s_cg_0ftf27s,cg_x035;cg_yuko,,false,,medley,,
20250907_cg10th_memorial_d2,30,main,s_cg_0wpc2gk,cg_hotaru;cg_aiko;cg_miho;cg_x031;cg_anzu;cg_x011;cg_x015,false,false,,,,
20250907_cg10th_memorial_d2,31,main,s_midnight,cg_x038;cg_x036;cg_x041;cg_natsuki;cg_x044,,false,,,,
20250907_cg10th_memorial_d2,32,main,s_cg_1devir8,cg_miho;cg_x028;cg_rin;cg_x010;cg_natsuki,,false,,,,
20250907_cg10th_memorial_d2,33,main,s_nornotesofrevolution,cg_shiki;cg_x038;cg_x050;cg_x041;cg_x014;cg_x044,,false,,,,
20250907_cg10th_memorial_d2,34,main,s_cg_0h9pdgv,cg_yui;cg_x035;cg_uzuki;cg_aiko;cg_x027,,false,,,,
20250907_cg10th_memorial_d2,35,main,s_cg_1epbex9,cg_x024;cg_miho;cg_x022;cg_uzuki;cg_x015,,false,,,,
20250907_cg10th_memorial_d2,36,main,s_palette,cg_x024;cg_miho;cg_x022;cg_uzuki;cg_x015,,false,,,,
20250907_cg10th_memorial_d2,37,main,s_trinityfield,cg_tsukasa;cg_x007;cg_x021;cg_rin;cg_karen;cg_nao,,false,,,,
20250907_cg10th_memorial_d2,38,main,s_lovedestiny,cg_karen;cg_miho;cg_x013;cg_riina;cg_mayu,,false,,,,
20250907_cg10th_memorial_d2,39,main,s_nswer,cg_x021;cg_x024;cg_x047,,false,,,,
20250907_cg10th_memorial_d2,40,main,s_cg_0vddp9w,cg_nao;cg_riina;cg_hotaru;cg_x021;cg_koume;cg_yuko;cg_x027,,false,,,,
20250907_cg10th_memorial_d2,41,main,s_cg_089g3eu,cg_mayu;cg_tsukasa;cg_x022;cg_shiki;cg_x010,,false,,,,
20250907_cg10th_memorial_d2,42,main,s_majoramtherapie,cg_x015;cg_x047;cg_yui;cg_karen,,false,,,,
20250907_cg10th_memorial_d2,43,main,s_cg_035irem,cg_x036;cg_x035;cg_x002;cg_yuko;cg_x041,,false,,,,
20250907_cg10th_memorial_d2,44,main,s_cg_0eb1bcx,cg_x038;cg_x011;cg_x007;cg_x027;cg_anzu;cg_x031;cg_x044,,false,,,,
20250907_cg10th_memorial_d2,45,main,s_cg_1iet8nb,cg_x028;cg_x014;cg_riina;cg_x002;cg_x025;cg_hotaru;cg_x050,false,false,,,,
20250907_cg10th_memorial_d2,46,main,s_cg_04ctbv1,cg_x027;cg_nao;cg_x014;cg_x036;cg_riina;cg_x041;cg_anzu;cg_x050;cg_yuko;cg_x024;cg_tsukasa;cg_x047;cg_x015;cg_x038;cg_shiki;cg_x013;cg_karen;cg_natsuki;cg_uzuki;cg_rin;cg_x035;cg_miho;cg_x021;cg_x011;cg_x025;cg_x007;cg_x031;cg_mayu;cg_koume;cg_x028;cg_hotaru;cg_x044;cg_x010;cg_aiko;cg_x002;cg_yui,,false,,,,
20250907_cg10th_memorial_d2,47,encore,s_everafter,cg_x027;cg_nao;cg_x014;cg_x036;cg_riina;cg_x041;cg_anzu;cg_x050;cg_yuko;cg_x024;cg_tsukasa;cg_x047;cg_x015;cg_x038;cg_shiki;cg_x013;cg_karen;cg_natsuki;cg_uzuki;cg_rin;cg_x035;cg_miho;cg_x021;cg_x011;cg_x025;cg_x007;cg_x031;cg_mayu;cg_koume;cg_x028;cg_hotaru;cg_x044;cg_x010;cg_aiko;cg_x002;cg_yui,,false,,,,
20250907_cg10th_memorial_d2,48,encore,s_goin,cg_x027;cg_nao;cg_x014;cg_x036;cg_riina;cg_x041;cg_anzu;cg_x050;cg_yuko;cg_x024;cg_tsukasa;cg_x047;cg_x015;cg_x038;cg_shiki;cg_x013;cg_karen;cg_natsuki;cg_uzuki;cg_rin;cg_x035;cg_miho;cg_x021;cg_x011;cg_x025;cg_x007;cg_x031;cg_mayu;cg_koume;cg_x028;cg_hotaru;cg_x044;cg_x010;cg_aiko;cg_x002;cg_yui;cg_x022,,false,,,,
20250308_cg10th_osaka_d1,1,main,s_dreamyanniversary,cg_kirari;cg_x003;cg_x004;cg_x024;cg_rin;cg_koharu;cg_uzuki;cg_hijiri;cg_mio;cg_x017;cg_x047;cg_x009;cg_aiko;cg_mayu;cg_x010;cg_x021;cg_chieri;cg_anzu;cg_yoshino;cg_frederica;cg_x046,,false,,,,
20250308_cg10th_osaka_d1,2,main,s_milkyway,cg_x010;cg_mayu,,false,,,,
20250308_cg10th_osaka_d1,3,main,s_needlelight,cg_x003;cg_x009,,false,,,,
20250308_cg10th_osaka_d1,4,main,s_cg_0kdh4ma,cg_anzu;cg_kirari,,false,,,,
20250308_cg10th_osaka_d1,5,main,s_cg_1epbex9,cg_x021;cg_rin;cg_x009,,false,,,,
20250308_cg10th_osaka_d1,6,main,s_cg_0u15ex9,cg_x046,true,false,,,,
20250308_cg10th_osaka_d1,7,main,s_cafeaulait,cg_frederica,true,false,,game,,
20250308_cg10th_osaka_d1,8,main,s_cg_0gtbrdp,cg_mayu,true,false,,game,,
20250308_cg10th_osaka_d1,9,main,s_orkiss,cg_x010,true,false,,game,,
20250308_cg10th_osaka_d1,10,main,s_cg_0bkirxy,cg_x003,true,false,,game,,
20250308_cg10th_osaka_d1,11,main,s_cg_1pmcxmy,cg_aiko;cg_x004;cg_uzuki,,false,,,,
20250308_cg10th_osaka_d1,12,main,s_wewishyoursmile,cg_x004;cg_hijiri,,false,,,,
20250308_cg10th_osaka_d1,13,main,s_cg_0v87vtv,cg_yoshino;cg_mayu;cg_hijiri;cg_chieri;cg_aiko,,false,,,,
20250308_cg10th_osaka_d1,14,main,s_cg_0zlkc8q,cg_frederica;cg_uzuki;cg_x010,,false,,,,
20250308_cg10th_osaka_d1,15,main,s_cg_1pnbtsq,cg_x017,true,false,,,,
20250308_cg10th_osaka_d1,16,main,s_cg_1hpx94t,cg_kirari,true,false,,game,,
20250308_cg10th_osaka_d1,17,main,s_cg_1uq2xbt,cg_anzu,true,false,,game,,
20250308_cg10th_osaka_d1,18,main,s_otahen,cg_x047,true,false,,game,,
20250308_cg10th_osaka_d1,19,main,s_cg_0ljcypm,cg_mio,true,false,,game,,
20250308_cg10th_osaka_d1,20,main,s_vastworld,cg_hijiri;cg_koharu;cg_x004,false,false,,,,
20250308_cg10th_osaka_d1,21,main,s_cg_17oirk1,cg_x046;cg_chieri;cg_yoshino;cg_x017,,false,,,,
20250308_cg10th_osaka_d1,22,main,s_cg_0vddp9w,cg_frederica;cg_x021;cg_x009,,false,,,,
20250308_cg10th_osaka_d1,23,main,s_sunhighgold,cg_x046;cg_mio;cg_x047;cg_x017,false,false,,,,
20250308_cg10th_osaka_d1,24,main,s_nocturne,cg_x024;cg_koharu,false,false,,,,
20250308_cg10th_osaka_d1,25,main,s_cg_1vfd3xk,cg_anzu;cg_x047,,false,,,,
20250308_cg10th_osaka_d1,26,main,s_shineinthesky,cg_x017;cg_koharu;cg_x046,,false,,,,
20250308_cg10th_osaka_d1,27,main,s_greatjourney,cg_rin;cg_uzuki;cg_mio,true,false,,,,
20250308_cg10th_osaka_d1,28,main,s_uniqu3voices,cg_x021;cg_x024;cg_x047,,false,,,,
20250308_cg10th_osaka_d1,29,main,s_cg_04ctbv1,cg_kirari;cg_x003;cg_x004;cg_x024;cg_koharu;cg_frederica;cg_mayu;cg_yoshino;cg_rin;cg_x010;cg_uzuki;cg_chieri;cg_mio;cg_x021;cg_anzu;cg_x046;cg_hijiri;cg_x017;cg_x047;cg_x009;cg_aiko,,false,,,,
20250308_cg10th_osaka_d1,30,encore,s_truecolors,cg_yoshino;cg_hijiri;cg_chieri;cg_x021;cg_x004;cg_aiko,,false,,,,
20250308_cg10th_osaka_d1,31,encore,s_goin,cg_kirari;cg_x003;cg_x004;cg_x024;cg_koharu;cg_frederica;cg_mayu;cg_yoshino;cg_rin;cg_x010;cg_uzuki;cg_chieri;cg_mio;cg_x021;cg_anzu;cg_x046;cg_hijiri;cg_x017;cg_x047;cg_x009;cg_aiko,,false,,,,
20250309_cg10th_osaka_d2,1,main,s_dreamyanniversary,cg_kirari;cg_x003;cg_x004;cg_x024;cg_rin;cg_koharu;cg_uzuki;cg_hijiri;cg_mio;cg_x017;cg_x047;cg_x009;cg_aiko;cg_mayu;cg_x010;cg_x021;cg_chieri;cg_anzu;cg_yoshino;cg_frederica;cg_x046,,false,,,,
20250309_cg10th_osaka_d2,2,main,s_milkyway,cg_x010;cg_mayu,,false,,,,
20250309_cg10th_osaka_d2,3,main,s_needlelight,cg_x003;cg_x009,,false,,,,
20250309_cg10th_osaka_d2,4,main,s_cg_17b4fmr,cg_kirari;cg_x009;cg_mayu,true,false,,,,
20250309_cg10th_osaka_d2,5,main,s_smileing,cg_uzuki,true,false,,game,,
20250309_cg10th_osaka_d2,6,main,s_cg_0cecaq8,cg_aiko,true,false,,game,,
20250309_cg10th_osaka_d2,7,main,s_cg_05fv9am,cg_yoshino,true,false,,game,,
20250309_cg10th_osaka_d2,8,main,s_cg_1tu2x9k,cg_koharu,true,false,,game,,
20250309_cg10th_osaka_d2,9,main,s_cg_1qe0hgl,cg_x004,true,false,,game,,
20250309_cg10th_osaka_d2,10,main,s_cg_1b3zt25,cg_hijiri,true,false,,,,
20250309_cg10th_osaka_d2,11,main,s_cg_0sfyro8,cg_anzu;cg_x046,,false,,,,
20250309_cg10th_osaka_d2,12,main,s_wewishyoursmile,cg_x004;cg_hijiri,,false,,,,
20250309_cg10th_osaka_d2,13,main,s_cg_0v87vtv,cg_yoshino;cg_mayu;cg_hijiri;cg_chieri;cg_aiko,,false,,,,
20250309_cg10th_osaka_d2,14,main,s_cg_0zlkc8q,cg_frederica;cg_uzuki;cg_x010,,false,,,,
20250309_cg10th_osaka_d2,15,main,s_cg_0t5du64,cg_x009,true,false,,game,,
20250309_cg10th_osaka_d2,16,main,s_cherrymerrycherry,cg_chieri,true,false,,game,,
20250309_cg10th_osaka_d2,17,main,s_cg_048ppsy,cg_x024,true,false,,game,,
20250309_cg10th_osaka_d2,18,main,s_he4dshot,cg_x021,true,false,,game,,
20250309_cg10th_osaka_d2,19,main,s_neversaynever,cg_rin,true,false,,game,,
20250309_cg10th_osaka_d2,20,main,s_darklilysgrin,cg_mio;cg_aiko,,false,,,,
20250309_cg10th_osaka_d2,21,main,s_vastworld,cg_hijiri;cg_koharu;cg_x004,false,false,,,,
20250309_cg10th_osaka_d2,22,main,s_cg_17oirk1,cg_x046;cg_chieri;cg_yoshino;cg_x017,,false,,,,
20250309_cg10th_osaka_d2,23,main,s_cg_0vddp9w,cg_frederica;cg_x021;cg_x009,,false,,,,
20250309_cg10th_osaka_d2,24,main,s_sunhighgold,cg_x046;cg_mio;cg_x047;cg_x017,false,false,,,,
20250309_cg10th_osaka_d2,25,main,s_gossipclub,cg_x003;cg_x047;cg_x010,,false,,,,
20250309_cg10th_osaka_d2,26,main,s_cg_1gvd7v9,cg_anzu;cg_koharu;cg_x010,,false,,,,
20250309_cg10th_osaka_d2,27,main,s_cg_0ucbqmc,cg_rin;cg_uzuki;cg_mio,true,false,,,,
20250309_cg10th_osaka_d2,28,main,s_uniqu3voices,cg_x021;cg_x024;cg_x047,,false,,,,
20250309_cg10th_osaka_d2,29,main,s_cg_118yoj6,cg_rin;cg_kirari;cg_uzuki;cg_anzu;cg_mio,true,false,,,,
20250309_cg10th_osaka_d2,30,main,s_cg_04ctbv1,cg_kirari;cg_x003;cg_x004;cg_x024;cg_koharu;cg_frederica;cg_mayu;cg_yoshino;cg_rin;cg_x010;cg_uzuki;cg_chieri;cg_mio;cg_x021;cg_anzu;cg_x046;cg_hijiri;cg_x017;cg_x047;cg_x009;cg_aiko,,false,,,,
20250309_cg10th_osaka_d2,31,encore,s_lplove,cg_frederica;cg_x003;cg_mayu;cg_x024;cg_x017;cg_kirari,,false,,,,
20250309_cg10th_osaka_d2,32,encore,s_cg_0i6kt8w,cg_kirari;cg_x003;cg_x004;cg_x024;cg_koharu;cg_frederica;cg_mayu;cg_yoshino;cg_rin;cg_x010;cg_uzuki;cg_chieri;cg_mio;cg_x021;cg_anzu;cg_x046;cg_hijiri;cg_x017;cg_x047;cg_x009;cg_aiko,,false,,,,
20250426_cg10th_tokyo_d1,1,main,s_newbrightstars,cg_ranko;cg_syuko;cg_hotaru;cg_x023;cg_sae;cg_kanade;cg_kanako;cg_nao;cg_frederica;cg_x044;cg_x025;cg_mika;cg_x022;cg_anastasia;cg_shiki;cg_x043;cg_x032;cg_x041;cg_nono,,false,,,,
20250426_cg10th_tokyo_d1,2,main,s_shallwe,cg_miku,true,false,,game,,
20250426_cg10th_tokyo_d1,3,main,s_cg_1kyet7b,cg_touka,true,false,,game,,
20250426_cg10th_tokyo_d1,4,main,s_cg_072d3gu,cg_shiki2,true,false,,game,,
20250426_cg10th_tokyo_d1,5,main,s_2ndside,cg_nao,true,false,,game,,
20250426_cg10th_tokyo_d1,6,main,s_yourestarsshineonme,cg_anastasia,true,false,,game,,
20250426_cg10th_tokyo_d1,7,main,s_cg_1hiwy0r,cg_nono,true,false,,game,,
20250426_cg10th_tokyo_d1,8,main,s_darkness,cg_hotaru,true,false,,,,
20250426_cg10th_tokyo_d1,9,main,s_cg_0h0ehuj,cg_x023;cg_x025;cg_anastasia,,false,,,,
20250426_cg10th_tokyo_d1,10,main,s_cg_16op5vz,cg_frederica;cg_kanako;cg_shiki2,true,false,,,,
20250426_cg10th_tokyo_d1,11,main,s_enishi,cg_sae;cg_syuko,,false,,,,
20250426_cg10th_tokyo_d1,12,main,s_cg_1dfblqy,cg_hotaru;cg_x023,,false,,,,
20250426_cg10th_tokyo_d1,13,main,s_cg_0hd0fuj,cg_shiki2;cg_frederica,,false,,,,
20250426_cg10th_tokyo_d1,14,main,s_cg_01c2bz8,cg_kanade;cg_frederica,,false,,,,
20250426_cg10th_tokyo_d1,15,main,s_cg_0nqtq0u,cg_hotaru;cg_x022;cg_nono,,false,,,,
20250426_cg10th_tokyo_d1,16,main,s_cg_04tgis2,cg_x043,true,false,,game,,
20250426_cg10th_tokyo_d1,17,main,s_cg_0fpptws,cg_syuko,true,false,,game,,
20250426_cg10th_tokyo_d1,18,main,s_clawmyheart,cg_x032,true,false,,game,,
20250426_cg10th_tokyo_d1,19,main,s_cg_1a7o3r6,cg_x044,true,false,,game,,
20250426_cg10th_tokyo_d1,20,main,s_cg_0kounfq,cg_x041,true,false,,game,,
20250426_cg10th_tokyo_d1,21,main,s_cg_0b67aly,cg_shiki,true,false,,game,,
20250426_cg10th_tokyo_d1,22,main,s_nothingbutyou,cg_miku;cg_anastasia;cg_shiki;cg_nao,,false,,,,
20250426_cg10th_tokyo_d1,23,main,s_goahead,cg_touka;cg_x043,false,false,,,,
20250426_cg10th_tokyo_d1,24,main,s_cg_15sgyz0,cg_ranko;cg_anastasia,,false,,,,
20250426_cg10th_tokyo_d1,25,main,s_absolutenine,cg_x041;cg_miku;cg_syuko;cg_shiki2;cg_mika,false,false,,,,
20250426_cg10th_tokyo_d1,26,main,s_cg_0uuzb14,cg_x022;cg_sae;cg_kanako,,false,,,,
20250426_cg10th_tokyo_d1,27,main,s_maharajapaaan,cg_anastasia;cg_ranko;cg_x023,,false,,,,
20250426_cg10th_tokyo_d1,28,main,s_nightwear,cg_shiki2;cg_syuko;cg_kanade;cg_mika;cg_frederica,false,false,,,,
20250426_cg10th_tokyo_d1,29,main,s_thevillainsnight,cg_touka;cg_x022;cg_frederica,,false,,,,
20250426_cg10th_tokyo_d1,30,main,s_midnight,cg_nao;cg_x041;cg_x044,,false,,,,
20250426_cg10th_tokyo_d1,31,main,s_nswer,cg_nono;cg_x032;cg_shiki,,false,,,,
20250426_cg10th_tokyo_d1,32,main,s_cg_04ctbv1,cg_touka;cg_shiki2;cg_x032;cg_x043;cg_ranko;cg_syuko;cg_hotaru;cg_x023;cg_sae;cg_x022;cg_kanade;cg_kanako;cg_anastasia;cg_shiki;cg_nao;cg_frederica;cg_x044;cg_x025;cg_mika;cg_x041;cg_nono;cg_miku,,false,,,,
20250426_cg10th_tokyo_d1,33,encore,s_cg_0aeccqz,cg_sae;cg_kanako;cg_shiki;cg_ranko;cg_x032;cg_x025;cg_x044,,false,,,,
20250426_cg10th_tokyo_d1,34,encore,s_stagebyestage,cg_touka;cg_shiki2;cg_x032;cg_x043;cg_ranko;cg_syuko;cg_hotaru;cg_x023;cg_sae;cg_x022;cg_kanade;cg_kanako;cg_anastasia;cg_shiki;cg_nao;cg_frederica;cg_x044;cg_x025;cg_mika;cg_x041;cg_nono;cg_miku,false,false,,,,
20250427_cg10th_tokyo_d2,1,main,s_newbrightstars,cg_ranko;cg_syuko;cg_hotaru;cg_x023;cg_sae;cg_x039;cg_kanade;cg_kanako;cg_nao;cg_frederica;cg_x044;cg_x025;cg_mika;cg_x022;cg_x033;cg_x014;cg_x043;cg_x031;cg_x041;cg_nono,,false,,,,
20250427_cg10th_tokyo_d2,2,main,s_cg_0iifuu2,cg_x025,true,false,,game,,
20250427_cg10th_tokyo_d2,3,main,s_shinobi40,cg_x031,true,false,,game,,
20250427_cg10th_tokyo_d2,4,main,s_cg_1bfz8nb,cg_x023,true,false,,game,,
20250427_cg10th_tokyo_d2,5,main,s_hanakanzashi,cg_sae,true,false,,game,,
20250427_cg10th_tokyo_d2,6,main,s_cafeaulait,cg_frederica,true,false,,game,,
20250427_cg10th_tokyo_d2,7,main,s_cg_03nzzri,cg_x022,true,false,,game,,
20250427_cg10th_tokyo_d2,8,main,s_script,cg_kanako,true,false,,,,
20250427_cg10th_tokyo_d2,9,main,s_cg_02vk8cr,cg_shiki2;cg_x039;cg_nao,true,false,,,,
20250427_cg10th_tokyo_d2,10,main,s_cg_0wdgvt9,cg_nono;cg_x033,,false,,,,
20250427_cg10th_tokyo_d2,11,main,s_cg_16op5vz,cg_frederica;cg_kanako;cg_shiki2,true,false,,,,
20250427_cg10th_tokyo_d2,12,main,s_cg_1dfblqy,cg_hotaru;cg_x023,,false,,,,
20250427_cg10th_tokyo_d2,13,main,s_cg_0hd0fuj,cg_shiki2;cg_frederica,,false,,,,
20250427_cg10th_tokyo_d2,14,main,s_evillive,cg_x043;cg_x039;cg_x014;cg_x041,,false,,,,
20250427_cg10th_tokyo_d2,15,main,s_cg_12uivhi,cg_hotaru;cg_x022;cg_nono,,false,,,,
20250427_cg10th_tokyo_d2,16,main,s_cg_1sawywk,cg_x033,true,false,,game,,
20250427_cg10th_tokyo_d2,17,main,s_wanna,cg_x014,true,false,,game,,
20250427_cg10th_tokyo_d2,18,main,s_cg_18hwmad,cg_ranko,true,false,,game,,
20250427_cg10th_tokyo_d2,19,main,s_hotelmoonside,cg_kanade,true,false,,game,,
20250427_cg10th_tokyo_d2,20,main,s_gemstone,cg_x039,true,false,,game,,
20250427_cg10th_tokyo_d2,21,main,s_cosmocosme,cg_mika,true,false,,,,
20250427_cg10th_tokyo_d2,22,main,s_cg_18wodau,cg_x014;cg_x041;cg_x044,false,false,,,,
20250427_cg10th_tokyo_d2,23,main,s_absolutenine,cg_x041;cg_miku;cg_syuko;cg_shiki2;cg_mika,false,false,,,,
20250427_cg10th_tokyo_d2,24,main,s_cg_05qdhsl,cg_x043;cg_x031;cg_syuko,,false,,,,
20250427_cg10th_tokyo_d2,25,main,s_cg_1tcwg8j,cg_miku;cg_kanako;cg_x044;cg_x033,,false,,,,
20250427_cg10th_tokyo_d2,26,main,s_cg_1dpldt7,cg_shiki2;cg_kanade,,false,,,,
20250427_cg10th_tokyo_d2,27,main,s_cg_0ftf27s,cg_hotaru;cg_x025,,false,,,,
20250427_cg10th_tokyo_d2,28,main,s_cg_1fea4wl,cg_sae;cg_syuko,,false,,,,
20250427_cg10th_tokyo_d2,29,main,s_thevillainsnight,cg_x031;cg_x022;cg_frederica,,false,,,,
20250427_cg10th_tokyo_d2,30,main,s_midnight,cg_nao;cg_x041;cg_x044,,false,,,,
20250427_cg10th_tokyo_d2,31,main,s_tulip,cg_syuko;cg_shiki2;cg_kanade;cg_mika;cg_frederica,false,false,,,,
20250427_cg10th_tokyo_d2,32,main,s_cg_04ctbv1,cg_x039;cg_shiki2;cg_x031;cg_x043;cg_ranko;cg_syuko;cg_hotaru;cg_x023;cg_sae;cg_x022;cg_kanade;cg_kanako;cg_x033;cg_x014;cg_nao;cg_frederica;cg_x044;cg_x025;cg_mika;cg_x041;cg_nono;cg_miku,,false,,,,
20250427_cg10th_tokyo_d2,33,encore,s_cg_0jviv4o,cg_x039;cg_x014;cg_x023;cg_frederica;cg_kanade;cg_x043;cg_x031;cg_x033,,false,,,,
20250427_cg10th_tokyo_d2,34,encore,s_cg_0i6kt8w,cg_x039;cg_shiki2;cg_x031;cg_x043;cg_ranko;cg_syuko;cg_hotaru;cg_x023;cg_sae;cg_x022;cg_kanade;cg_kanako;cg_x033;cg_x014;cg_nao;cg_frederica;cg_x044;cg_x025;cg_mika;cg_x041;cg_nono;cg_miku,,false,,,,
20250607_cg10th_okinawa_d1,1,main,s_cg_19cql99,cg_x006;cg_x049;cg_makino;cg_x007;cg_yui;cg_rika;cg_x027;cg_x015;cg_natsuki;cg_x026;cg_riina;cg_x011;cg_x031;cg_tsukasa;cg_x045;cg_x042;cg_x002;cg_x019;cg_x039,,false,,,,
20250607_cg10th_okinawa_d1,2,main,s_cg_15ddkbg,cg_x007;cg_yui;cg_x002,false,false,,,,
20250607_cg10th_okinawa_d1,3,main,s_cg_0zzl97l,cg_rika;cg_x049;cg_x045,false,false,,,,
20250607_cg10th_okinawa_d1,4,main,s_cg_14xue0t,cg_tsukasa;cg_x026;cg_natsuki;cg_x031,false,false,,,,
20250607_cg10th_okinawa_d1,5,main,s_letssailaway,cg_x015;cg_x002;cg_makino,true,false,,,,
20250607_cg10th_okinawa_d1,6,main,s_gemstone,cg_x039,true,false,,game,,
20250607_cg10th_okinawa_d1,7,main,s_cg_1ahotvf,cg_tsukasa,true,false,,game,,
20250607_cg10th_okinawa_d1,8,main,s_radiohappy,cg_yui,true,false,,game,,
20250607_cg10th_okinawa_d1,9,main,s_coffretcomet,cg_rika,true,false,,,,
20250607_cg10th_okinawa_d1,10,main,s_teeenagegroovin,cg_x019;cg_x011;cg_x042,,false,,,,
20250607_cg10th_okinawa_d1,11,main,s_cg_1sl7qf3,cg_x042;cg_x002;cg_x049,,false,,,,
20250607_cg10th_okinawa_d1,12,main,s_canvas,cg_x015;cg_x026,false,false,,,,
20250607_cg10th_okinawa_d1,13,main,s_cg_0w9ka7h,cg_riina;cg_x007;cg_makino,,false,,,,
20250607_cg10th_okinawa_d1,14,main,s_kawaiimakemyday,cg_x026;cg_x019,,false,,,,
20250607_cg10th_okinawa_d1,15,main,s_cg_1nqt786,cg_x039;cg_x049;cg_x045,,false,,,,
20250607_cg10th_okinawa_d1,16,main,s_nighttimewander,cg_tsukasa;cg_makino;cg_yui,,false,,,,
20250607_cg10th_okinawa_d1,17,main,s_cg_043urg5,cg_x011;cg_yui;cg_x027,false,false,,,,
20250607_cg10th_okinawa_d1,18,main,s_cg_0nybi2d,cg_x042,true,false,,game,,
20250607_cg10th_okinawa_d1,19,main,s_milkymode,cg_x006,true,false,,game,,
20250607_cg10th_okinawa_d1,20,main,s_cg_0j18vqy,cg_x011,true,false,,game,,
20250607_cg10th_okinawa_d1,21,main,s_rockinemotion,cg_natsuki,true,false,,game,,
20250607_cg10th_okinawa_d1,22,main,s_sparklinggirl,cg_riina,true,false,,game,,
20250607_cg10th_okinawa_d1,23,main,s_cg_0seb7fj,cg_x049;cg_x019;cg_rika,,false,,,,
20250607_cg10th_okinawa_d1,24,main,s_morgana,cg_makino;cg_x007;cg_x002,,false,,,,
20250607_cg10th_okinawa_d1,25,main,s_cg_16upqe6,cg_x045;cg_x039,,false,,,,
20250607_cg10th_okinawa_d1,26,main,s_jettothefuture,cg_riina;cg_natsuki,,false,,,,
20250607_cg10th_okinawa_d1,27,main,s_sunflower,cg_x015;cg_x045;cg_x049;cg_x027,false,false,,,,
20250607_cg10th_okinawa_d1,28,main,s_cg_0eb1bcx,cg_x031;cg_x011;cg_x027;cg_rika;cg_x006,,false,,,,
20250607_cg10th_okinawa_d1,29,main,s_cg_04ctbv1,cg_x006;cg_x049;cg_x011;cg_makino;cg_x031;cg_x007;cg_x042;cg_yui;cg_x002;cg_rika;cg_x019;cg_x027;cg_x039;cg_x015;cg_tsukasa;cg_natsuki;cg_x045;cg_x026;cg_riina,,false,,,,
20250607_cg10th_okinawa_d1,30,encore,s_beyondthestarlight,cg_x006;cg_x039;cg_yui;cg_rika;cg_x019;cg_x031,,false,,,,
20250607_cg10th_okinawa_d1,31,encore,s_cg_1i23hie,cg_x006;cg_x049;cg_x011;cg_makino;cg_x031;cg_x007;cg_x042;cg_yui;cg_x002;cg_rika;cg_x019;cg_x027;cg_x039;cg_x015;cg_tsukasa;cg_natsuki;cg_x045;cg_x026;cg_riina,,false,,,,
20250608_cg10th_okinawa_d2,1,main,s_cg_19cql99,cg_x006;cg_x049;cg_makino;cg_x007;cg_yui;cg_rika;cg_x027;cg_x015;cg_natsuki;cg_x026;cg_riina;cg_x011;cg_x031;cg_tsukasa;cg_x045;cg_x042;cg_x002;cg_x019;cg_x039,,false,,,,
20250608_cg10th_okinawa_d2,2,main,s_cg_15ddkbg,cg_x007;cg_yui;cg_x002,false,false,,,,
20250608_cg10th_okinawa_d2,3,main,s_letssailaway,cg_x015;cg_x002;cg_makino,true,false,,,,
20250608_cg10th_okinawa_d2,4,main,s_cocoholiday,cg_x031;cg_x027;cg_x006,false,false,,,,
20250608_cg10th_okinawa_d2,5,main,s_natsukoi,cg_x015;cg_yui;cg_tsukasa,false,false,,,,
20250608_cg10th_okinawa_d2,6,main,s_cg_0oj0k5m,cg_x026,true,false,,game,,
20250608_cg10th_okinawa_d2,7,main,s_cyu,cg_x019,true,false,,game,,
20250608_cg10th_okinawa_d2,8,main,s_cg_038wews,cg_x015,true,false,,game,,
20250608_cg10th_okinawa_d2,9,main,s_cg_185ybyh,cg_x002,true,false,,game,,
20250608_cg10th_okinawa_d2,10,main,s_cg_1azn69u,cg_x049,true,false,,game,,
20250608_cg10th_okinawa_d2,11,main,s_teeenagegroovin,cg_x019;cg_x011;cg_x042,,false,,,,
20250608_cg10th_okinawa_d2,12,main,s_cg_1sl7qf3,cg_x042;cg_x002;cg_x049,,false,,,,
20250608_cg10th_okinawa_d2,13,main,s_cg_118gajq,cg_x026;cg_x045;cg_x011,false,false,,,,
20250608_cg10th_okinawa_d2,14,main,s_kawaiimakemyday,cg_x026;cg_x019,,false,,,,
20250608_cg10th_okinawa_d2,15,main,s_cg_1nqt786,cg_x039;cg_x049;cg_x045,,false,,,,
20250608_cg10th_okinawa_d2,16,main,s_nighttimewander,cg_tsukasa;cg_makino;cg_yui,,false,,,,
20250608_cg10th_okinawa_d2,17,main,s_secretdaybreak,cg_riina;cg_natsuki,,false,,,,
20250608_cg10th_okinawa_d2,18,main,s_shinobi40,cg_x031,true,false,,game,,
20250608_cg10th_okinawa_d2,19,main,s_cg_1x94adl,cg_x027,true,false,,game,,
20250608_cg10th_okinawa_d2,20,main,s_ace,cg_x045,true,false,,game,,
20250608_cg10th_okinawa_d2,21,main,s_nautilussonar,cg_makino,true,false,,game,,
20250608_cg10th_okinawa_d2,22,main,s_numberless,cg_x007,true,false,,,,
20250608_cg10th_okinawa_d2,23,main,s_cg_0seb7fj,cg_x049;cg_x019;cg_rika,,false,,,,
20250608_cg10th_okinawa_d2,24,main,s_gazeandgaze,cg_x006;cg_x042,,false,,,,
20250608_cg10th_okinawa_d2,25,main,s_morgana,cg_makino;cg_x007;cg_x002,,false,,,,
20250608_cg10th_okinawa_d2,26,main,s_cg_16upqe6,cg_x045;cg_x039,,false,,,,
20250608_cg10th_okinawa_d2,27,main,s_jettothefuture,cg_riina;cg_natsuki,,false,,,,
20250608_cg10th_okinawa_d2,28,main,s_cg_0eb1bcx,cg_x031;cg_x011;cg_x027;cg_rika;cg_x006,,false,,,,
20250608_cg10th_okinawa_d2,29,main,s_orangesapphire,cg_x026;cg_rika;cg_x039;cg_tsukasa,,false,,,,
20250608_cg10th_okinawa_d2,30,main,s_cg_04ctbv1,cg_x006;cg_x049;cg_x011;cg_makino;cg_x031;cg_x007;cg_x042;cg_yui;cg_x002;cg_rika;cg_x019;cg_x027;cg_x039;cg_x015;cg_tsukasa;cg_natsuki;cg_x045;cg_x026;cg_riina,,false,,,,
20250608_cg10th_okinawa_d2,31,encore,s_starrygoround,cg_x027;cg_x007;cg_x042;cg_natsuki;cg_riina,false,false,,,,
20250608_cg10th_okinawa_d2,32,encore,s_cg_0i6kt8w,cg_x006;cg_x049;cg_x011;cg_makino;cg_x031;cg_x007;cg_x042;cg_yui;cg_x002;cg_rika;cg_x019;cg_x027;cg_x039;cg_x015;cg_tsukasa;cg_natsuki;cg_x045;cg_x026;cg_riina,,false,,,,
20250628_cg10th_fukuoka_d1,1,main,s_cg_1devir8,cg_x020;cg_x012;cg_mizuki;cg_x028;cg_miho;cg_shiki;cg_rin;cg_x038;cg_yuko;cg_x035;cg_koume;cg_x014;cg_x029;cg_x050;cg_x008;cg_miyu;cg_x037;cg_yoshino;cg_x034;cg_x033,,false,,,,
20250628_cg10th_fukuoka_d1,2,main,s_sunshineseemay,cg_yoshino;cg_x037,,false,,,,
20250628_cg10th_fukuoka_d1,3,main,s_cg_0duom72,cg_x035;cg_yuko,,false,,,,
20250628_cg10th_fukuoka_d1,4,main,s_lunaticshow,cg_koume;cg_shiki,true,false,,,,
20250628_cg10th_fukuoka_d1,5,main,s_cg_10fw229,cg_miho;cg_x008,,false,,,,
20250628_cg10th_fukuoka_d1,6,main,s_neversaynever,cg_rin,true,false,,game,,
20250628_cg10th_fukuoka_d1,7,main,s_cg_0p89oe7,cg_x050,true,false,,game,,
20250628_cg10th_fukuoka_d1,8,main,s_angelbreeze,cg_mizuki,true,false,,game,,
20250628_cg10th_fukuoka_d1,9,main,s_clockhands,cg_x020,true,false,,game,,
20250628_cg10th_fukuoka_d1,10,main,s_cg_0b67aly,cg_shiki,true,false,,game,,
20250628_cg10th_fukuoka_d1,11,main,s_cg_0g2gumt,cg_x008;cg_miho;cg_x012,,false,,,,
20250628_cg10th_fukuoka_d1,12,main,s_starrynight,cg_x037;cg_miyu;cg_x038,,false,,,,
20250628_cg10th_fukuoka_d1,13,main,s_cg_1n4al49,cg_yoshino;cg_x033;cg_x029,,false,,,,
20250628_cg10th_fukuoka_d1,14,main,s_cg_089g3eu,cg_miyu;cg_x037;cg_shiki,,false,,,,
20250628_cg10th_fukuoka_d1,15,main,s_cg_0xcvwlt,cg_x038;cg_rin;cg_mizuki,,false,,,,
20250628_cg10th_fukuoka_d1,16,main,s_cg_0qq7xpd,cg_x028,true,false,,game,,
20250628_cg10th_fukuoka_d1,17,main,s_wanna,cg_x014,true,false,,game,,
20250628_cg10th_fukuoka_d1,18,main,s_cg_1sawywk,cg_x033,true,false,,game,,
20250628_cg10th_fukuoka_d1,19,main,s_packingherfavorite,cg_x034,true,false,,game,,
20250628_cg10th_fukuoka_d1,20,main,s_cg_18enog3,cg_miho,true,false,,,,
20250628_cg10th_fukuoka_d1,21,main,s_cg_00ozvea,cg_koume;cg_yoshino,,false,,,,
20250628_cg10th_fukuoka_d1,22,main,s_nornotesofrevolution,cg_shiki;cg_x050;cg_x014,,false,,,,
20250628_cg10th_fukuoka_d1,23,main,s_drasticmelody,cg_x020;cg_rin;cg_x038,,false,,,,
20250628_cg10th_fukuoka_d1,24,main,s_cg_064xr4j,cg_x012;cg_mizuki;cg_miyu,false,false,,,,
20250628_cg10th_fukuoka_d1,25,main,s_cg_0vk0vlr,cg_x008;cg_x034,,false,,,,
20250628_cg10th_fukuoka_d1,26,main,s_cg_0h9pdgv,cg_x029;cg_x035;cg_x028,,false,,,,
20250628_cg10th_fukuoka_d1,27,main,s_fascinate,cg_x012;cg_x020,,false,,,,
20250628_cg10th_fukuoka_d1,28,main,s_cg_035irem,cg_x035;cg_mizuki;cg_yuko;cg_x029,,false,,,,
20250628_cg10th_fukuoka_d1,29,main,s_cg_04ctbv1,cg_x020;cg_x012;cg_mizuki;cg_yoshino;cg_x028;cg_x037;cg_miho;cg_x050;cg_shiki;cg_x008;cg_rin;cg_miyu;cg_x038;cg_x033;cg_yuko;cg_x034;cg_x035;cg_x014;cg_koume;cg_x029,,false,,,,
20250628_cg10th_fukuoka_d1,30,encore,s_motto,cg_miho;cg_koume;cg_x028;cg_x033;cg_x029;cg_x050;cg_yuko,,false,,,,
20250628_cg10th_fukuoka_d1,31,encore,s_cg_0i42cxz,cg_x012;cg_x020;cg_yoshino;cg_mizuki;cg_x037;cg_x028;cg_x050;cg_miho;cg_x008;cg_shiki;cg_rin;cg_x038;cg_miyu;cg_yuko;cg_x033;cg_x035;cg_koume;cg_x034;cg_x029;cg_x014,,false,,,,
20250629_cg10th_fukuoka_d2,1,main,s_cg_1devir8,cg_x020;cg_x012;cg_mizuki;cg_x028;cg_miho;cg_shiki;cg_rin;cg_x038;cg_yuko;cg_x035;cg_koume;cg_x014;cg_x029;cg_x050;cg_x008;cg_miyu;cg_x037;cg_yoshino;cg_x034;cg_x033,,false,,,,
20250629_cg10th_fukuoka_d2,2,main,s_okurimonosunday,cg_x033;cg_x034,,false,,,,
20250629_cg10th_fukuoka_d2,3,main,s_cg_0228awd,cg_x014;cg_x028,,false,,,,
20250629_cg10th_fukuoka_d2,4,main,s_isosceles,cg_x037;cg_miho,,false,,,,
20250629_cg10th_fukuoka_d2,5,main,s_memories,cg_x035;cg_yuko,,false,,,,
20250629_cg10th_fukuoka_d2,6,main,s_beatofthenight,cg_x012,true,false,,game,,
20250629_cg10th_fukuoka_d2,7,main,s_running,cg_x008,true,false,,game,,
20250629_cg10th_fukuoka_d2,8,main,s_cg_0dsarlt,cg_x029,true,false,,game,,
20250629_cg10th_fukuoka_d2,9,main,s_cg_0p2enp3,cg_x035,true,false,,game,,
20250629_cg10th_fukuoka_d2,10,main,s_cg_1b8ewng,cg_yuko,true,false,,,,
20250629_cg10th_fukuoka_d2,11,main,s_justusjustice,cg_x050;cg_x028;cg_x014,,false,,,,
20250629_cg10th_fukuoka_d2,12,main,s_cg_1n4al49,cg_yoshino;cg_x033;cg_x029,,false,,,,
20250629_cg10th_fukuoka_d2,13,main,s_cg_089g3eu,cg_miyu;cg_x037;cg_shiki,,false,,,,
20250629_cg10th_fukuoka_d2,14,main,s_voyger,cg_rin;cg_x034,,false,,,,
20250629_cg10th_fukuoka_d2,15,main,s_bloodyfesta,cg_koume,true,false,,game,,
20250629_cg10th_fukuoka_d2,16,main,s_onelife,cg_x038,true,false,,game,,
20250629_cg10th_fukuoka_d2,17,main,s_lastkiss,cg_miyu,true,false,,game,,
20250629_cg10th_fukuoka_d2,18,main,s_cg_05fv9am,cg_yoshino,true,false,,game,,
20250629_cg10th_fukuoka_d2,19,main,s_cg_0a9zlqu,cg_x037,true,false,,game,,
20250629_cg10th_fukuoka_d2,20,main,s_cg_1sdcu3x,cg_koume;cg_x038,,false,,,,
20250629_cg10th_fukuoka_d2,21,main,s_nornotesofrevolution,cg_shiki;cg_x050;cg_x014,,false,,,,
20250629_cg10th_fukuoka_d2,22,main,s_drasticmelody,cg_x020;cg_rin;cg_x038,,false,,,,
20250629_cg10th_fukuoka_d2,23,main,s_cg_064xr4j,cg_x012;cg_mizuki;cg_miyu,false,false,,,,
20250629_cg10th_fukuoka_d2,24,main,s_crossover_14klxz3,cg_shiki;cg_x020;cg_x033;cg_koume,,false,,,,
20250629_cg10th_fukuoka_d2,25,main,s_cg_0r8nga1,cg_mizuki;cg_rin;cg_x038,,false,,,,
20250629_cg10th_fukuoka_d2,26,main,s_lovedestiny,cg_x012;cg_miho;cg_miyu,,false,,,,
20250629_cg10th_fukuoka_d2,27,main,s_cg_035irem,cg_x035;cg_mizuki;cg_yuko;cg_x029,,false,,,,
20250629_cg10th_fukuoka_d2,28,main,s_cg_0xzx4dx,cg_x034;cg_x033;cg_x008;cg_x050;cg_x028;cg_x014,,false,,,,
20250629_cg10th_fukuoka_d2,29,main,s_cg_04ctbv1,cg_x020;cg_x012;cg_mizuki;cg_yoshino;cg_x028;cg_x037;cg_miho;cg_x050;cg_shiki;cg_x008;cg_rin;cg_miyu;cg_x038;cg_x033;cg_yuko;cg_x034;cg_x035;cg_x014;cg_koume;cg_x029,,false,,,,
20250629_cg10th_fukuoka_d2,30,encore,s_fantasiaforthegirls,cg_x020;cg_x037;cg_x034;cg_yoshino;cg_shiki,,false,,,,
20250629_cg10th_fukuoka_d2,31,encore,s_cg_0i6kt8w,cg_x012;cg_x020;cg_yoshino;cg_mizuki;cg_x037;cg_x028;cg_x050;cg_miho;cg_x008;cg_shiki;cg_rin;cg_x038;cg_miyu;cg_yuko;cg_x033;cg_x035;cg_koume;cg_x034;cg_x029;cg_x014,,false,,,,
20250524_gk_spotlight_d1,1,main,s_gk_1cm2lpy,gk_lilja,true,false,,,,
20250524_gk_spotlight_d1,2,main,s_lunasaymaybe,gk_temari,true,false,,,,
20250524_gk_spotlight_d1,3,main,s_tamelieonestep,gk_sumika,true,false,,,,
20250524_gk_spotlight_d1,4,main,s_fluorite,gk_mao,true,false,,,,
20250524_gk_spotlight_d1,5,main,s_clumsytrick,gk_rinami,true,false,,,,
20250524_gk_spotlight_d1,6,main,s_gk_1es1efl,gk_hiro,true,false,,,,
20250524_gk_spotlight_d1,7,main,s_gk_0jxlulk,gk_kotone,true,false,,,,
20250524_gk_spotlight_d1,8,main,s_therollingriceball,gk_ume,true,false,,,,
20250524_gk_spotlight_d1,9,main,s_fightingmyway,gk_saki,true,false,,,,
20250524_gk_spotlight_d1,10,main,s_wonderscale,gk_china,true,false,,,,
20250524_gk_spotlight_d1,11,main,s_gk_0ryntbw,gk_misuzu,true,false,,,,
20250524_gk_spotlight_d1,12,main,s_gk_1hptkz6,gk_sena,true,false,,,,
20250524_gk_spotlight_d1,13,main,s_gk_06racjs,gk_temari;gk_saki;gk_kotone;gk_rinami;gk_mao;gk_sumika;gk_misuzu;gk_ume;gk_sena;gk_lilja;gk_china;gk_hiro,false,false,,,,
20250524_gk_spotlight_d1,14,main,s_gk_1l3xc05,gk_misuzu,true,false,,,,
20250524_gk_spotlight_d1,15,main,s_gk_0alwjgm,gk_hiro,true,false,,,,
20250524_gk_spotlight_d1,16,main,s_gk_041n8oo,gk_rinami,true,false,,,,
20250524_gk_spotlight_d1,17,main,s_gk_00zfn04,gk_china,true,false,,,,
20250524_gk_spotlight_d1,18,main,s_kirakira,gk_sumika,true,false,,,,
20250524_gk_spotlight_d1,19,main,s_cosmetic,gk_sena,true,false,,,,
20250524_gk_spotlight_d1,20,main,s_ego,gk_saki,true,false,,,,
20250524_gk_spotlight_d1,21,main,s_wakeup,gk_lilja,true,false,,,,
20250524_gk_spotlight_d1,22,main,s_sweetmagic,gk_mao,true,false,,,,
20250524_gk_spotlight_d1,23,main,s_gk_0321ecl,gk_kotone,true,false,,,,
20250524_gk_spotlight_d1,24,main,s_unhappylight,gk_temari,true,false,,,,
20250524_gk_spotlight_d1,25,main,s_superlative,gk_misuzu,true,true,,,,
20250524_gk_spotlight_d1,26,main,s_gk_1fl5h5f,gk_mao;gk_sumika;gk_hiro;gk_kotone;gk_saki;gk_temari;gk_rinami;gk_lilja;gk_china;gk_sena;gk_ume;gk_misuzu,false,false,,,,
20250524_gk_spotlight_d1,27,encore,s_gk_07xp7is,gk_temari;gk_saki;gk_kotone;gk_misuzu;gk_ume;gk_sena;gk_sumika;gk_lilja;gk_hiro;gk_rinami;gk_mao;gk_china,,false,,,,
20250524_gk_spotlight_d1,28,encore,s_campusmode,gk_misuzu;gk_sumika;gk_lilja;gk_hiro;gk_temari;gk_saki;gk_kotone;gk_china;gk_mao;gk_rinami;gk_ume;gk_sena,false,false,,,,
20250524_gk_spotlight_d1,29,encore,s_starmine,gk_misuzu;gk_sena;gk_ume,true,true,,,,
20250524_gk_spotlight_d1,30,encore,s_gk_0s6u066,gk_temari;gk_saki;gk_kotone,true,false,,,,
20250525_gk_spotlight_d2,1,main,s_gk_1q4t7sp,gk_temari,true,false,,,,
20250525_gk_spotlight_d2,2,main,s_fightingmyway,gk_saki,true,false,,,,
20250525_gk_spotlight_d2,3,main,s_rideonbeat,gk_sumika,true,false,,,,
20250525_gk_spotlight_d2,4,main,s_clumsytrick,gk_rinami,true,false,,,,
20250525_gk_spotlight_d2,5,main,s_thecute,gk_kotone,true,false,,,,
20250525_gk_spotlight_d2,6,main,s_gk_0ryntbw,gk_misuzu,true,false,,,,
20250525_gk_spotlight_d2,7,main,s_fragileheart,gk_lilja,true,false,,,,
20250525_gk_spotlight_d2,8,main,s_therollingriceball,gk_ume,true,false,,,,
20250525_gk_spotlight_d2,9,main,s_fluorite,gk_mao,true,false,,,,
20250525_gk_spotlight_d2,10,main,s_choochoochoo,gk_sena,true,false,,,,
20250525_gk_spotlight_d2,11,main,s_gk_1es1efl,gk_hiro,true,false,,,,
20250525_gk_spotlight_d2,12,main,s_gk_0dervot,gk_china,true,false,,,,
20250525_gk_spotlight_d2,13,main,s_campusmode,gk_misuzu;gk_sumika;gk_lilja;gk_hiro;gk_temari;gk_saki;gk_kotone;gk_china;gk_mao;gk_rinami;gk_ume;gk_sena,false,false,,,,
20250525_gk_spotlight_d2,14,main,s_gk_0z0bm51,gk_hiro,true,false,,,,
20250525_gk_spotlight_d2,15,main,s_gk_1hptkz6,gk_sena,true,false,,,,
20250525_gk_spotlight_d2,16,main,s_gk_0envr01,gk_misuzu,true,false,,,,
20250525_gk_spotlight_d2,17,main,s_wonderscale,gk_china,true,false,,,,
20250525_gk_spotlight_d2,18,main,s_marbleheart,gk_rinami,true,false,,,,
20250525_gk_spotlight_d2,19,main,s_tamelieonestep,gk_sumika,true,false,,,,
20250525_gk_spotlight_d2,20,main,s_gk_05la78b,gk_lilja,true,false,,,,
20250525_gk_spotlight_d2,21,main,s_tryitnow,gk_saki,true,false,,,,
20250525_gk_spotlight_d2,22,main,s_lunasaymaybe,gk_temari,true,false,,,,
20250525_gk_spotlight_d2,23,main,s_topsecret,gk_mao,true,false,,,,
20250525_gk_spotlight_d2,24,main,s_gk_0wv5cck,gk_ume,true,true,,,,
20250525_gk_spotlight_d2,25,main,s_gk_1cm2lpy,gk_lilja,true,false,,,,
20250525_gk_spotlight_d2,26,main,s_gk_0jxlulk,gk_kotone,true,false,,,,
20250525_gk_spotlight_d2,27,main,s_gk_1fl5h5f,gk_mao;gk_sumika;gk_hiro;gk_kotone;gk_saki;gk_temari;gk_rinami;gk_lilja;gk_china;gk_sena;gk_ume;gk_misuzu,false,false,,,,
20250525_gk_spotlight_d2,28,encore,s_gk_07xp7is,gk_temari;gk_saki;gk_kotone;gk_misuzu;gk_ume;gk_sena;gk_sumika;gk_lilja;gk_hiro;gk_rinami;gk_mao;gk_china,,false,,,,
20250525_gk_spotlight_d2,29,encore,s_gk_06racjs,gk_temari;gk_saki;gk_kotone;gk_rinami;gk_mao;gk_sumika;gk_misuzu;gk_ume;gk_sena;gk_lilja;gk_china;gk_hiro,false,false,,,,
20250525_gk_spotlight_d2,30,encore,s_starmine,gk_misuzu;gk_sena;gk_ume,true,false,,,,
20250525_gk_spotlight_d2,31,encore,s_gk_0s6u066,gk_temari;gk_saki;gk_kotone,true,false,,,,
20250531_gk_harmony_d1,1,main,s_gk_0s6u066,gk_kotone;gk_saki;gk_temari,true,false,,,,
20250531_gk_harmony_d1,2,main,s_gk_1b85fiq,gk_sumika;gk_mao;gk_rinami,false,false,,,,
20250531_gk_harmony_d1,3,main,s_gk_0oco4gj,gk_temari;gk_sena,true,false,,,,
20250531_gk_harmony_d1,4,main,s_gk_1es1efl,gk_hiro,true,false,,,,
20250531_gk_harmony_d1,5,main,s_gk_0jxlulk,gk_kotone,true,false,,,,
20250531_gk_harmony_d1,6,main,s_whitenightwhitewish,gk_kotone;gk_lilja;gk_ume,false,false,,,,
20250531_gk_harmony_d1,7,main,s_gk_1u2rfme,gk_china;gk_hiro,true,true,,,,
20250531_gk_harmony_d1,8,main,s_clumsytrick,gk_rinami,true,false,,,,
20250531_gk_harmony_d1,9,main,s_yellowbigbang,gk_kotone;gk_china;gk_rinami,true,false,,,,
20250531_gk_harmony_d1,10,main,s_endlessdance,gk_saki;gk_sena;gk_misuzu,false,false,,,,
20250531_gk_harmony_d1,11,main,s_gk_1hptkz6,gk_sena,true,false,,,,
20250531_gk_harmony_d1,12,main,s_feeljeweldream,gk_mao;gk_misuzu,true,false,,,,
20250531_gk_harmony_d1,13,main,s_gk_0ryntbw,gk_misuzu,true,false,,,,
20250531_gk_harmony_d1,14,main,s_sugarflavor,gk_mao;gk_rinami,true,true,,,,
20250531_gk_harmony_d1,15,main,s_gk_1cm2lpy,gk_lilja,true,false,,,,
20250531_gk_harmony_d1,16,main,s_wonderscale,gk_china,true,false,,,,
20250531_gk_harmony_d1,17,main,s_gk_0wv5cck,gk_ume,true,false,,,,
20250531_gk_harmony_d1,18,main,s_boomboompow,gk_saki;gk_sumika,true,false,,,,
20250531_gk_harmony_d1,19,main,s_fluorite,gk_mao,true,false,,,,
20250531_gk_harmony_d1,20,main,s_tamelieonestep,gk_sumika,true,false,,,,
20250531_gk_harmony_d1,21,main,s_gk_1twt0hd,gk_hiro;gk_lilja,true,false,,,,
20250531_gk_harmony_d1,22,main,s_therollingriceball,gk_ume,true,false,,,,
20250531_gk_harmony_d1,23,main,s_fightingmyway,gk_saki,true,false,,,,
20250531_gk_harmony_d1,24,main,s_lunasaymaybe,gk_temari,true,false,,,,
20250531_gk_harmony_d1,25,main,s_starmine,gk_misuzu;gk_sena;gk_ume,true,false,,,,
20250531_gk_harmony_d1,26,main,s_gk_0494tmm,gk_china;gk_hiro;gk_temari,false,false,,,,
20250531_gk_harmony_d1,27,main,s_gk_07xp7is,gk_temari;gk_saki;gk_kotone;gk_misuzu;gk_ume;gk_sena;gk_sumika;gk_lilja;gk_hiro;gk_rinami;gk_mao;gk_china,,false,,,,
20250531_gk_harmony_d1,28,main,s_gk_06racjs,gk_temari;gk_saki;gk_kotone;gk_rinami;gk_mao;gk_sumika;gk_misuzu;gk_ume;gk_sena;gk_lilja;gk_china;gk_hiro,false,false,,,,
20250531_gk_harmony_d1,29,encore,s_gk_0xwptnz,gk_kotone;gk_lilja;gk_saki,false,false,,,,
20250531_gk_harmony_d1,30,encore,s_gk_019m885,gk_misuzu;gk_hiro;gk_mao;gk_saki;gk_sumika;gk_temari;gk_ume;gk_rinami;gk_kotone;gk_lilja;gk_sena;gk_china,false,false,,,,
20250531_gk_harmony_d1,31,encore,s_campusmode,gk_misuzu;gk_sumika;gk_lilja;gk_hiro;gk_temari;gk_saki;gk_kotone;gk_china;gk_mao;gk_rinami;gk_ume;gk_sena,false,false,,,,
20250601_gk_harmony_d2,1,main,s_gk_0s6u066,gk_kotone;gk_saki;gk_temari,true,false,,,,
20250601_gk_harmony_d2,2,main,s_clumsytrick,gk_rinami,true,false,,,,
20250601_gk_harmony_d2,3,main,s_gk_05la78b,gk_lilja;gk_mao,true,false,,,,
20250601_gk_harmony_d2,4,main,s_tamelieonestep,gk_sumika,true,false,,,,
20250601_gk_harmony_d2,5,main,s_lunasaymaybe,gk_temari,true,false,,,,
20250601_gk_harmony_d2,6,main,s_gk_0494tmm,gk_china;gk_hiro;gk_temari,false,false,,,,
20250601_gk_harmony_d2,7,main,s_gk_1ys8mkt,gk_china;gk_hiro,true,false,,,,
20250601_gk_harmony_d2,8,main,s_gk_13ygiml,gk_sumika;gk_lilja,true,true,,,,
20250601_gk_harmony_d2,9,main,s_fluorite,gk_mao,true,false,,,,
20250601_gk_harmony_d2,10,main,s_howlingovertheworld,gk_china;gk_rinami;gk_lilja,false,false,,,,
20250601_gk_harmony_d2,11,main,s_wonderscale,gk_china,true,false,,,,
20250601_gk_harmony_d2,12,main,s_gk_1hptkz6,gk_sena,true,false,,,,
20250601_gk_harmony_d2,13,main,s_superlative,gk_misuzu,true,false,,,,
20250601_gk_harmony_d2,14,main,s_gk_1n3g31r,gk_sumika;gk_saki;gk_lilja,false,false,,,,
20250601_gk_harmony_d2,15,main,s_gk_1es1efl,gk_hiro,true,false,,,,
20250601_gk_harmony_d2,16,main,s_gk_0ryntbw,gk_misuzu,true,false,,,,
20250601_gk_harmony_d2,17,main,s_luv,gk_rinami;gk_kotone,true,false,,,,
20250601_gk_harmony_d2,18,main,s_gk_0tpgw98,gk_sumika;gk_temari,true,false,,,,
20250601_gk_harmony_d2,19,main,s_therollingriceball,gk_ume,true,false,,,,
20250601_gk_harmony_d2,20,main,s_gk_1fdz46m,gk_temari;gk_china;gk_mao,false,false,,,,
20250601_gk_harmony_d2,21,main,s_ourchant,gk_sena;gk_saki,true,false,,,,
20250601_gk_harmony_d2,22,main,s_fightingmyway,gk_saki,true,false,,,,
20250601_gk_harmony_d2,23,main,s_gk_1cm2lpy,gk_lilja,true,false,,,,
20250601_gk_harmony_d2,24,main,s_gk_0jxlulk,gk_kotone,true,false,,,,
20250601_gk_harmony_d2,25,main,s_starmine,gk_misuzu;gk_sena;gk_ume,true,false,,,,
20250601_gk_harmony_d2,26,main,s_gk_1b85fiq,gk_sumika;gk_mao;gk_rinami,false,false,,,,
20250601_gk_harmony_d2,27,main,s_gk_07xp7is,gk_temari;gk_saki;gk_kotone;gk_misuzu;gk_ume;gk_sena;gk_sumika;gk_lilja;gk_hiro;gk_rinami;gk_mao;gk_china,,false,,,,
20250601_gk_harmony_d2,28,main,s_gk_06racjs,gk_temari;gk_saki;gk_kotone;gk_rinami;gk_mao;gk_sumika;gk_misuzu;gk_ume;gk_sena;gk_lilja;gk_china;gk_hiro,false,false,,,,
20250601_gk_harmony_d2,29,encore,s_gk_1fyqmn3,gk_sena;gk_rinami;gk_hiro,false,false,,,,
20250601_gk_harmony_d2,30,encore,s_gk_1l30awb,gk_saki;gk_mao;gk_lilja;gk_sena;gk_ume;gk_kotone;gk_china;gk_sumika;gk_rinami;gk_hiro;gk_temari;gk_misuzu,false,false,,,,
20250601_gk_harmony_d2,31,encore,s_campusmode,gk_misuzu;gk_sumika;gk_lilja;gk_hiro;gk_temari;gk_saki;gk_kotone;gk_china;gk_mao;gk_rinami;gk_ume;gk_sena,false,false,,,,
20251011_ml12th_d1,1,main,s_ml_1hfmgp4,ml_reika,true,false,,,,
20251011_ml12th_d1,2,main,s_theworldisallone,ml_karen;ml_rio;ml_chizuru;ml_tomoka;ml_roco;ml_noriko,false,false,,,,
20251011_ml12th_d1,3,main,s_summertrip,ml_miya;ml_reika,true,false,,,,
20251011_ml12th_d1,4,main,s_ml_1he2dr6,ml_roco;ml_nao;ml_rio,,false,,,,
20251011_ml12th_d1,5,main,s_ml_0yii2h2,ml_miya;ml_noriko;ml_shizuka;ml_sayoko,,false,,,,
20251011_ml12th_d1,6,main,s_supersonicbooster,ml_nao;ml_reika;ml_mizuki;ml_chizuru,,false,,,,
20251011_ml12th_d1,7,main,s_ml_0ytr118,ml_noriko;ml_fuka;ml_shizuka,false,false,,,,
20251011_ml12th_d1,8,main,s_lacrima,ml_mizuki;ml_sayoko;ml_karen,,false,,,,
20251011_ml12th_d1,9,main,s_ml_1ilm09z,ml_chizuru;ml_fuka;ml_rio,,false,,,,
20251011_ml12th_d1,10,main,s_pieceofcake,ml_reika;ml_shizuka,false,false,,,,
20251011_ml12th_d1,11,main,s_ml_07h0dxn,ml_nao;ml_tomoka;ml_chizuru,false,false,,,,
20251011_ml12th_d1,12,main,s_765as_0nveofx,ml_fuka;ml_karen;ml_reika,false,false,,,,
20251011_ml12th_d1,13,main,s_ml_0s9ya0n,ml_miya;ml_sayoko,,false,,,,
20251011_ml12th_d1,14,main,s_ml_19gvms7,ml_roco;ml_karen;ml_mizuki;ml_reika;ml_tomoka,false,false,,,,
20251011_ml12th_d1,15,main,s_welcome,ml_noriko;ml_nao;ml_mizuki;ml_rio;ml_miya;ml_fuka,,false,,,,
20251011_ml12th_d1,16,main,s_ml_0w25y9h,ml_roco;ml_reika,,false,,,,
20251011_ml12th_d1,17,main,s_illuminate,ml_shizuka;ml_sayoko;ml_karen;ml_tomoka,,false,,,,
20251011_ml12th_d1,18,main,s_myevolution,ml_rio;ml_noriko;ml_roco;ml_nao,,false,,,,
20251011_ml12th_d1,19,main,s_weekend,ml_miya;ml_mizuki;ml_sayoko;ml_fuka;ml_tomoka;ml_chizuru;ml_reika,,false,,,,
20251011_ml12th_d1,20,main,s_irodori,ml_reika,true,true,,,,
20251011_ml12th_d1,21,main,s_findyourwind,ml_karen;ml_mizuki;ml_rio;ml_chizuru;ml_fuka;ml_tomoka;ml_reika;ml_shizuka;ml_roco;ml_sayoko;ml_noriko;ml_miya;ml_nao,true,false,,,,
20251011_ml12th_d1,22,encore,s_ml_1j567kk,ml_karen;ml_mizuki;ml_rio;ml_chizuru;ml_fuka;ml_tomoka;ml_reika;ml_shizuka;ml_roco;ml_sayoko;ml_noriko;ml_miya;ml_nao,,false,,,,
20251011_ml12th_d1,23,encore,s_flyers,ml_karen;ml_mizuki;ml_rio;ml_chizuru;ml_fuka;ml_tomoka;ml_reika;ml_shizuka;ml_roco;ml_sayoko;ml_noriko;ml_miya;ml_nao,,false,,,,
20251012_ml12th_d2,1,main,s_ml_08ntfev,ml_kaori,true,false,,,,
20251012_ml12th_d2,2,main,s_contrastet,ml_kaori;ml_mirai;ml_tsubasa;ml_elena;ml_minako;ml_akane;ml_iku;ml_emily;ml_tamaki;ml_subaru;ml_momoko;ml_julia;ml_tsumugi,true,false,,,,
20251012_ml12th_d2,3,main,s_getlolgetlolsong,ml_kaori;ml_tsumugi;ml_elena;ml_iku;ml_tamaki;ml_emily;ml_julia;ml_momoko;ml_mirai;ml_minako;ml_tsubasa;ml_akane;ml_subaru,,false,,game,,
20251012_ml12th_d2,4,main,s_hello,ml_mirai;ml_tsubasa,false,false,,,,
20251012_ml12th_d2,5,main,s_ml_0ilaprr,ml_tsumugi;ml_julia;ml_momoko,,false,,,,
20251012_ml12th_d2,6,main,s_eternalharmony,ml_akane;ml_iku;ml_subaru,,false,,,,
20251012_ml12th_d2,7,main,s_ml_1gydch7,ml_minako;ml_emily,false,false,,,,
20251012_ml12th_d2,8,main,s_ml_0uusn44,ml_tsumugi;ml_mirai,false,false,,,,
20251012_ml12th_d2,9,main,s_birthdaycard,ml_tsubasa;ml_elena;ml_subaru,,false,,,,
20251012_ml12th_d2,10,main,s_ml_1g367eh,ml_iku;ml_julia;ml_kaori;ml_tamaki,true,false,,,,
20251012_ml12th_d2,11,main,s_ml_1uwfieh,ml_iku;ml_kaori;ml_momoko,false,false,,,,
20251012_ml12th_d2,12,main,s_bornondreamhanabinight,ml_subaru;ml_tamaki;ml_akane,false,false,,,,
20251012_ml12th_d2,13,main,s_nocurrynolife,ml_mirai;ml_emily,,false,,,,
20251012_ml12th_d2,14,main,s_paradedamour,ml_mirai;ml_tsubasa;ml_minako;ml_elena,,false,,,,
20251012_ml12th_d2,15,main,s_justiceorvoice,ml_julia;ml_kaori;ml_tsumugi;ml_akane,,false,,,,
20251012_ml12th_d2,16,main,s_ml_0cgelom,ml_tsumugi;ml_kaori,,false,,,,
20251012_ml12th_d2,17,main,s_whitevows,ml_tamaki;ml_momoko;ml_iku,false,false,,,,
20251012_ml12th_d2,18,main,s_ml_0yejmvl,ml_mirai;ml_emily;ml_subaru;ml_tsubasa,,false,,,,
20251012_ml12th_d2,19,main,s_ml_0bjck1v,ml_akane;ml_julia;ml_elena;ml_minako,false,false,,,,
20251012_ml12th_d2,20,main,s_enjoyfeel,ml_kaori,true,true,,,,
20251012_ml12th_d2,21,main,s_musicjourney,ml_minako;ml_mirai;ml_tsubasa;ml_subaru;ml_elena;ml_kaori;ml_tamaki;ml_momoko;ml_iku;ml_tsumugi;ml_emily;ml_julia;ml_akane,true,false,,,,
20251012_ml12th_d2,22,encore,s_ml_1j567kk,ml_momoko;ml_iku;ml_elena;ml_minako;ml_tsumugi;ml_mirai;ml_kaori;ml_tsubasa;ml_emily;ml_subaru;ml_tamaki;ml_julia;ml_akane,,false,,,,
20251012_ml12th_d2,23,encore,s_music,ml_momoko;ml_iku;ml_elena;ml_minako;ml_tsumugi;ml_mirai;ml_kaori;ml_tsubasa;ml_emily;ml_subaru;ml_tamaki;ml_julia;ml_akane,false,false,,,,
20250920_gk_undokai_d1,1,main,s_gk_07xp7is,gk_temari;gk_lilja;gk_saki;gk_sumika;gk_kotone;gk_mao;gk_tsubame;gk_sena;gk_x001;gk_rinami;gk_misuzu;gk_china;gk_ume;gk_hiro,,false,,,,
20250920_gk_undokai_d1,2,main,s_gk_1v0mlft,gk_saki;gk_temari;gk_kotone;gk_lilja;gk_sumika;gk_china;gk_hiro;gk_ume;gk_misuzu;gk_mao;gk_rinami;gk_sena;gk_tsubame,,false,,,,
20250920_gk_undokai_d1,3,main,s_supremacy,gk_saki;gk_sumika;gk_lilja;gk_kotone;gk_temari,true,false,,,,
20250920_gk_undokai_d1,4,main,s_letsgoichinoni,gk_china;gk_ume;gk_misuzu;gk_hiro,true,false,,,,
20250920_gk_undokai_d1,5,main,s_gk_15pwu2k,gk_mao;gk_sena;gk_tsubame;gk_rinami,true,false,,,,
20250920_gk_undokai_d1,6,main,s_gk_183jiw9,gk_ume;gk_china;gk_hiro,true,false,,,,
20250920_gk_undokai_d1,7,main,s_gk_1fyqmn3,gk_sena;gk_rinami;gk_mao,false,false,,,,
20250920_gk_undokai_d1,8,main,s_gk_0494tmm,gk_sena;gk_misuzu;gk_sumika,false,false,,,,
20250920_gk_undokai_d1,9,main,s_gk_1l30awb,gk_hiro;gk_misuzu;gk_china;gk_ume,false,false,,,,
20250920_gk_undokai_d1,10,main,s_yellowbigbang,gk_lilja;gk_sumika;gk_kotone;gk_saki,true,false,,,,
20250920_gk_undokai_d1,11,main,s_endlessdance,gk_mao;gk_tsubame;gk_sena;gk_rinami,false,false,,,,
20250920_gk_undokai_d1,12,main,s_howlingovertheworld,gk_temari;gk_lilja,false,false,,,,
20250920_gk_undokai_d1,13,main,s_gk_019m885,gk_hiro;gk_mao;gk_sumika,false,false,,,,
20250920_gk_undokai_d1,14,main,s_ego,gk_temari;gk_saki;gk_kotone,true,false,,,,
20250920_gk_undokai_d1,15,main,s_gk_1b85fiq,gk_hiro;gk_ume;gk_misuzu;gk_china;gk_sumika;gk_temari;gk_saki;gk_kotone;gk_lilja;gk_sena;gk_mao;gk_rinami;gk_tsubame,true,false,,,,
20250920_gk_undokai_d1,16,main,s_supremacy,gk_saki;gk_sumika;gk_lilja;gk_kotone;gk_temari,true,false,,,,
20250920_gk_undokai_d1,17,main,s_campusmode,gk_china;gk_hiro;gk_misuzu;gk_ume;gk_lilja;gk_temari;gk_saki;gk_kotone;gk_sumika;gk_tsubame;gk_mao;gk_sena;gk_rinami,true,false,,,,
20250921_gk_undokai_d2,1,main,s_gk_07xp7is,gk_temari;gk_lilja;gk_saki;gk_sumika;gk_mao;gk_tsubame;gk_sena;gk_x001;gk_rinami;gk_misuzu;gk_china;gk_ume;gk_hiro,,false,,,,
20250921_gk_undokai_d2,2,main,s_gk_1v0mlft,gk_saki;gk_temari;gk_lilja;gk_sumika;gk_china;gk_hiro;gk_ume;gk_misuzu;gk_mao;gk_rinami;gk_sena;gk_tsubame,,false,,,,
20250921_gk_undokai_d2,3,main,s_gk_1fl5h5f,gk_kotone;gk_sena;gk_ume,false,false,,,,
20250921_gk_undokai_d2,4,main,s_supremacy,gk_saki;gk_sumika;gk_lilja;gk_kotone;gk_temari,true,false,,,,
20250921_gk_undokai_d2,5,main,s_ourchant,gk_mao;gk_sena;gk_tsubame;gk_rinami,true,false,,,,
20250921_gk_undokai_d2,6,main,s_gk_0wv5cck,gk_hiro;gk_misuzu;gk_ume;gk_china,true,false,,,,
20250921_gk_undokai_d2,7,main,s_gk_0jxlulk,gk_lilja;gk_sumika;gk_kotone;gk_saki;gk_temari,true,false,,,,
20250921_gk_undokai_d2,8,main,s_letsgoichinoni,gk_china;gk_ume;gk_misuzu;gk_hiro,true,false,,,,
20250921_gk_undokai_d2,9,main,s_gk_0494tmm,gk_temari;gk_tsubame;gk_china,false,false,,,,
20250921_gk_undokai_d2,10,main,s_gk_1cm2lpy,gk_sumika;gk_lilja;gk_saki,true,false,,,,
20250921_gk_undokai_d2,11,main,s_clumsytrick,gk_rinami;gk_mao,true,false,,,,
20250921_gk_undokai_d2,12,main,s_endlessdance,gk_misuzu;gk_hiro,false,false,,,,
20250921_gk_undokai_d2,13,main,s_gk_15pwu2k,gk_mao;gk_sena;gk_tsubame;gk_rinami,true,false,,,,
20250921_gk_undokai_d2,14,main,s_gk_06racjs,gk_rinami;gk_sena;gk_tsubame;gk_mao;gk_sumika;gk_temari;gk_saki;gk_kotone;gk_lilja;gk_ume;gk_hiro;gk_misuzu;gk_china,true,false,,,,
20250921_gk_undokai_d2,15,encore,s_supremacy,gk_saki;gk_sumika;gk_lilja;gk_kotone;gk_temari,true,false,,,,
20250921_gk_undokai_d2,16,encore,s_campusmode,gk_china;gk_hiro;gk_misuzu;gk_ume;gk_lilja;gk_temari;gk_saki;gk_kotone;gk_sumika;gk_tsubame;gk_mao;gk_sena;gk_rinami,true,false,,,,
20250921_gk_undokai_d2,17,encore,s_gk_0nbjs2t,gk_tsubame,true,true,,,,
20250329_hotchpotch2_d1,1,main,s_ratatat,ml_akane;ml_miya;ml_reika;ml_serika;ml_tsumugi;ml_julia;ml_tamaki;765as_iori;ml_hinata;ml_shizuka;765as_hibiki;765as_haruka;765as_ami;765as_chihaya;ml_fuka;765as_makoto;ml_anna;ml_emily;ml_elena;ml_minako;ml_roco;ml_noriko;ml_kana,,false,,,,
20250329_hotchpotch2_d1,2,main,s_765as_1je5mfb,765as_haruka;ml_noriko;ml_tamaki;ml_miya;ml_minako;ml_roco,false,false,,,,
20250329_hotchpotch2_d1,3,main,s_funnylogic,ml_anna;ml_tsumugi;ml_kana,false,false,,,,
20250329_hotchpotch2_d1,4,main,s_cutcutcut,ml_emily;ml_roco;ml_reika,false,false,,,,
20250329_hotchpotch2_d1,5,main,s_wowineed,ml_noriko;765as_ami;ml_minako,false,false,,,,
20250329_hotchpotch2_d1,6,main,s_starrymelody,765as_haruka;ml_serika;ml_fuka;765as_iori;ml_miya;ml_tamaki;ml_akane,,false,,,,
20250329_hotchpotch2_d1,7,main,s_braveharmony,765as_makoto;ml_tsumugi;ml_reika;765as_hibiki;765as_chihaya;ml_julia;ml_shizuka,,false,,,,
20250329_hotchpotch2_d1,8,main,s_playgoround,765as_ami;ml_tamaki;ml_julia,true,false,,,,
20250329_hotchpotch2_d1,9,main,s_ml_03i1dus,ml_anna;765as_iori;765as_makoto;ml_miya,,false,,,,
20250329_hotchpotch2_d1,10,main,s_onlymynote,ml_fuka;ml_hinata;ml_roco;ml_elena;ml_noriko;ml_shizuka,false,false,,,,
20250329_hotchpotch2_d1,11,main,s_cheerupheartsup,ml_julia;ml_kana;ml_anna;765as_haruka,true,false,,,,
20250329_hotchpotch2_d1,12,main,s_snowwhite,765as_chihaya;ml_shizuka,true,false,,,,
20250329_hotchpotch2_d1,13,main,s_ml_0ilaprr,ml_minako;ml_kana;ml_elena;ml_hinata;ml_emily;ml_noriko;ml_roco;765as_ami;ml_anna,,false,,,,
20250329_hotchpotch2_d1,14,main,s_765as_0za1sbd,ml_reika;ml_fuka;ml_serika,false,false,,,,
20250329_hotchpotch2_d1,15,main,s_dodai,ml_miya;ml_akane;ml_hinata,,false,,,,
20250329_hotchpotch2_d1,16,main,s_comeonateaparty,765as_iori;ml_serika;ml_emily,true,false,,,,
20250329_hotchpotch2_d1,17,main,s_ml_0kmi9w1,765as_chihaya;765as_hibiki;ml_elena;ml_kana;ml_minako;765as_makoto;765as_haruka,false,false,,,,
20250329_hotchpotch2_d1,18,main,s_ml_1xwvaws,ml_reika;765as_iori;ml_hinata,,false,,,,
20250329_hotchpotch2_d1,19,main,s_justiceorvoice,ml_emily;765as_hibiki;765as_makoto;ml_tsumugi;ml_julia;ml_akane,,false,,,,
20250329_hotchpotch2_d1,20,main,s_vertexmeister,ml_serika;765as_chihaya;ml_tamaki;765as_ami;ml_elena,,false,,,,
20250329_hotchpotch2_d1,21,main,s_kingofspade,ml_akane;765as_hibiki;ml_tsumugi;ml_fuka,true,false,,,,
20250329_hotchpotch2_d1,22,main,s_crimsonlovers,ml_shizuka;ml_julia,false,false,,,,
20250329_hotchpotch2_d1,23,main,s_diamondjoker,765as_hibiki;765as_iori;765as_chihaya;765as_haruka;765as_ami;765as_makoto,false,false,,,,
20250329_hotchpotch2_d1,24,main,s_crossing,ml_akane;ml_miya;ml_reika;ml_serika;ml_tsumugi;ml_julia;ml_tamaki;765as_iori;ml_hinata;ml_shizuka;765as_hibiki;765as_haruka;765as_ami;765as_chihaya;ml_fuka;765as_makoto;ml_anna;ml_emily;ml_elena;ml_minako;ml_roco;ml_noriko;ml_kana,,false,,,,
20250329_hotchpotch2_d1,25,encore,s_union,ml_julia;ml_shizuka;765as_chihaya;ml_roco;765as_iori;ml_tsumugi;765as_hibiki;ml_emily;ml_noriko;ml_minako;765as_makoto;765as_haruka;ml_kana;ml_akane;ml_miya;ml_reika;ml_tamaki;ml_anna;765as_ami;ml_serika;ml_hinata;ml_fuka;ml_elena,,false,,,,
20250329_hotchpotch2_d1,26,encore,s_thankyou,ml_akane;ml_miya;ml_reika;ml_serika;ml_tsumugi;ml_julia;ml_tamaki;765as_iori;ml_hinata;ml_shizuka;765as_hibiki;765as_haruka;765as_ami;765as_chihaya;ml_fuka;765as_makoto;ml_anna;ml_emily;ml_elena;ml_minako;ml_roco;ml_noriko;ml_kana,,false,,,,
20250330_hotchpotch2_d2,1,main,s_ratatat,ml_nao;ml_megumi;ml_matsuri;ml_konomi;ml_sayoko;ml_iku;ml_rio;ml_kaori;765as_takane;765as_miki;765as_yukiho;ml_mirai;765as_yayoi;ml_tsubasa;765as_ritsuko;765as_azusa;ml_mizuki;ml_chizuru;ml_kotoha;ml_ayumu;ml_tomoka;ml_momoko;ml_subaru;ml_karen,,false,,,,
20250330_hotchpotch2_d2,2,main,s_hello,765as_yayoi;765as_ritsuko;ml_momoko;ml_iku,false,false,,,,
20250330_hotchpotch2_d2,3,main,s_765as_0kwac2i,765as_miki;ml_megumi;ml_nao;765as_takane,,false,,,,
20250330_hotchpotch2_d2,4,main,s_765as_01wogu2,765as_yukiho;ml_karen,false,false,,,,
20250330_hotchpotch2_d2,5,main,s_detectivehigh,ml_momoko;ml_konomi,false,false,,,,
20250330_hotchpotch2_d2,6,main,s_sunriser,ml_iku;ml_rio;765as_yayoi;ml_kaori;ml_nao;765as_ritsuko;765as_miki;ml_tsubasa,,false,,,,
20250330_hotchpotch2_d2,7,main,s_illuminate,ml_mizuki;ml_chizuru;ml_megumi;765as_azusa;ml_karen;ml_sayoko;ml_tomoka;ml_subaru;ml_ayumu,,false,,,,
20250330_hotchpotch2_d2,8,main,s_765as_0e62b1l,ml_iku;ml_mirai;ml_nao,false,false,,,,
20250330_hotchpotch2_d2,9,main,s_arriveyou,765as_azusa;ml_rio;ml_konomi,,false,,,,
20250330_hotchpotch2_d2,10,main,s_ml_054zahe,ml_karen;ml_tsubasa;ml_matsuri;765as_yayoi;ml_chizuru;765as_ritsuko,false,false,,,,
20250330_hotchpotch2_d2,11,main,s_ml_1fox74c,765as_takane;ml_iku;ml_mizuki;ml_konomi;ml_momoko,,false,,,,
20250330_hotchpotch2_d2,12,main,s_itsshow,ml_karen;ml_megumi,false,false,,,,
20250330_hotchpotch2_d2,13,main,s_kawaii,765as_yukiho;ml_kotoha;ml_mirai;ml_matsuri,,false,,,,
20250330_hotchpotch2_d2,14,main,s_lacrima,ml_mizuki;765as_azusa;765as_takane,,false,,,,
20250330_hotchpotch2_d2,15,main,s_765as_07q58ky,ml_tomoka;ml_tsubasa;ml_kaori;ml_chizuru,,false,,,,
20250330_hotchpotch2_d2,16,main,s_stellarlight,765as_yukiho;ml_matsuri;ml_mirai;ml_momoko;ml_kotoha;765as_takane;ml_konomi,,false,,,,
20250330_hotchpotch2_d2,17,main,s_ml_0n0ogsc,ml_chizuru;ml_tomoka;765as_miki;ml_subaru;ml_sayoko,true,false,,,,
20250330_hotchpotch2_d2,18,main,s_ml_0yii2h2,ml_kaori;ml_megumi;765as_yukiho;765as_yayoi;ml_subaru,,false,,,,
20250330_hotchpotch2_d2,19,main,s_ml_0h9n3rb,ml_sayoko;765as_ritsuko;765as_azusa;ml_rio,false,false,,,,
20250330_hotchpotch2_d2,20,main,s_marionette,765as_miki;ml_tsubasa,false,false,,,,
20250330_hotchpotch2_d2,21,main,s_765as_0gulhiv,ml_mizuki;ml_kaori;ml_subaru;ml_rio;ml_tomoka,false,false,,,,
20250330_hotchpotch2_d2,22,main,s_765as_15z3n26,ml_mirai;ml_matsuri;ml_nao;ml_sayoko;ml_kotoha;ml_ayumu,,false,,,,
20250330_hotchpotch2_d2,23,main,s_dotheidol,765as_yayoi;765as_yukiho;765as_miki;765as_ritsuko;765as_azusa;765as_takane,false,false,,,,
20250330_hotchpotch2_d2,24,main,s_crossing,ml_nao;ml_megumi;ml_matsuri;ml_konomi;ml_sayoko;ml_iku;ml_rio;ml_kaori;765as_takane;765as_miki;765as_yukiho;ml_mirai;765as_yayoi;ml_tsubasa;765as_ritsuko;765as_azusa;ml_mizuki;ml_chizuru;ml_kotoha;ml_ayumu;ml_tomoka;ml_momoko;ml_subaru;ml_karen,,false,,,,
20250330_hotchpotch2_d2,25,encore,s_union,ml_megumi;ml_rio;ml_mizuki;ml_chizuru;ml_tomoka;ml_momoko;765as_takane;765as_ritsuko;ml_ayumu;ml_subaru;ml_iku;ml_matsuri;ml_mirai;765as_yukiho;ml_nao;ml_sayoko;ml_kotoha;ml_konomi;765as_miki;ml_tsubasa;ml_kaori;765as_yayoi;765as_azusa;ml_karen,,false,,,,
20250330_hotchpotch2_d2,26,encore,s_thankyou,ml_nao;ml_megumi;ml_matsuri;ml_konomi;ml_sayoko;ml_iku;ml_rio;ml_kaori;765as_takane;765as_miki;765as_yukiho;ml_mirai;765as_yayoi;ml_tsubasa;765as_ritsuko;765as_azusa;ml_mizuki;ml_chizuru;ml_kotoha;ml_ayumu;ml_tomoka;ml_momoko;ml_subaru;ml_karen,,false,,,,
20251213_moiw2025_d1,1,main,s_ready,765as_haruka;765as_yukiho;765as_yayoi;765as_makoto;765as_iori;765as_ritsuko,false,false,,half,,
20251213_moiw2025_d1,2,main,s_gk_06racjs,gk_saki;gk_temari;gk_kotone;gk_mao;gk_lilja;gk_rinami,false,false,,half,,
20251213_moiw2025_d1,3,main,s_newbrightstars,cg_x024;cg_x021;cg_x047;cg_mayu;cg_karen;cg_miho;cg_riina;cg_chieri;cg_yuko;cg_x006,,false,,half,,
20251213_moiw2025_d1,4,main,s_sc_057f771,sc_kogane;sc_mamimi;sc_sakuya;sc_yuika;sc_kiriko;sc_amana;sc_tenka;sc_chiyuki;sc_nichika;sc_mikoto;sc_luca;sc_hana;sc_haruki,,false,,half,,
20251213_moiw2025_d1,5,main,s_supremestars,sm_hideo;sm_ryu;sm_seiji;sm_shoma;sm_kuro;876_ryo;sm_daigo;sm_kazuki;sm_shu;sm_momondo,,false,,half,,
20251213_moiw2025_d1,6,main,s_ratatat,ml_shizuka;ml_tsubasa;ml_serika;ml_akane;ml_yuriko;ml_iku;ml_emily;ml_chizuru;ml_noriko;ml_rio;ml_momoko,,false,,half,,
20251213_moiw2025_d1,7,main,s_sm_02clr03,sm_kuro;sm_shoma;ml_emily;sc_haruki;cg_x047;ml_akane,false,false,,,,
20251213_moiw2025_d1,8,main,s_gk_1fyqmn3,gk_mao;gk_lilja;gk_rinami,false,false,,,,
20251213_moiw2025_d1,9,main,s_fruitylove,ml_iku;ml_akane;ml_yuriko;sc_haruki;cg_x024;gk_kotone,false,false,,,,
20251213_moiw2025_d1,10,main,s_cg_0uuzb14,cg_x006;cg_yuko;sm_ryu;sm_hideo;sm_seiji,,false,,,,
20251213_moiw2025_d1,11,main,s_solarway,765as_haruka;765as_yukiho;765as_yayoi;765as_makoto;765as_iori;765as_ritsuko,,false,,,,
20251213_moiw2025_d1,12,main,s_emergencevibe,ml_chizuru;ml_shizuka;ml_noriko;sc_hana;sc_chiyuki;gk_rinami;cg_karen;sc_sakuya,false,false,,,,
20251213_moiw2025_d1,13,main,s_ml_0vrdavo,ml_serika;ml_emily;ml_momoko;sm_momondo;cg_mayu;sc_amana;gk_lilja,false,false,,,,
20251213_moiw2025_d1,14,main,s_breakchain,sc_nichika;sc_mikoto;ml_shizuka;ml_tsubasa,true,false,,,,
20251213_moiw2025_d1,15,main,s_lovedestiny,cg_karen;cg_miho;cg_riina;cg_chieri;cg_mayu;765as_haruka;ml_chizuru;sc_hana,,false,,,,
20251213_moiw2025_d1,16,main,s_765as_083izl3,765as_ritsuko;765as_yukiho;sm_shoma;sm_kuro;sc_amana;sc_chiyuki;sc_tenka,,false,,,,
20251213_moiw2025_d1,17,main,s_765as_0sjai7d,gk_saki;gk_temari;gk_kotone;gk_mao;gk_lilja;gk_rinami,false,false,,,,
20251213_moiw2025_d1,18,main,s_valiv_0ong9jp,valiv_cosmo;valiv_manaka;valiv_letora,true,false,,,,
20251213_moiw2025_d1,19,main,s_bluesymphony,sc_kogane;sc_mamimi;sc_sakuya;sc_yuika;sc_kiriko;sc_amana;sc_tenka;sc_chiyuki;sc_nichika;sc_mikoto;sc_luca;sc_hana;sc_haruki,false,false,,,,
20251213_moiw2025_d1,20,main,s_uniqu3voices,cg_x021;cg_x024;cg_x047;gk_temari;gk_saki;gk_kotone,,false,,,,
20251213_moiw2025_d1,21,main,s_sunnydayperfectday,sm_momondo;sm_shu;cg_miho;765as_makoto;sc_kogane;gk_kotone;ml_yuriko,false,false,,,,
20251213_moiw2025_d1,22,main,s_givemesomemore,sc_amana;sc_chiyuki;sc_tenka;ml_momoko;ml_serika;ml_iku;cg_chieri;765as_iori;gk_rinami,true,false,,,,
20251213_moiw2025_d1,23,main,s_gk_0s6u066,gk_temari;gk_saki;gk_kotone,true,false,,,,
20251213_moiw2025_d1,24,main,s_fantasticdiscotheque,sm_kazuki;876_ryo;sm_daigo;765as_ritsuko;ml_tsubasa;ml_rio;gk_mao,false,false,,,,
20251213_moiw2025_d1,25,main,s_starlightcelebrate,cg_x024;cg_x021;cg_x047;cg_mayu;cg_karen;cg_miho;cg_riina;cg_chieri;cg_yuko;cg_x006,false,false,,,,
20251213_moiw2025_d1,26,main,s_765as_1wqprrg,876_ryo;765as_makoto;sc_luca;gk_mao,true,false,,medley,,
20251213_moiw2025_d1,27,main,s_sm_1csqbt5,ml_serika;sc_nichika;ml_iku;gk_temari;ml_momoko;sc_mamimi,false,false,,medley,,
20251213_moiw2025_d1,28,main,s_loveisgame,gk_lilja;sc_tenka;cg_x021;ml_yuriko;sm_daigo;sm_shu,false,false,,medley,,
20251213_moiw2025_d1,29,main,s_cg_1a7o3r6,sm_ryu;sm_hideo;sm_seiji,false,false,,medley,,
20251213_moiw2025_d1,30,main,s_fateoftheworld,sc_hana;sc_luca;sc_haruki,false,false,,medley,,
20251213_moiw2025_d1,31,main,s_cg_1fea4wl,sm_kuro;sm_shoma,,false,,medley,,
20251213_moiw2025_d1,32,main,s_imitationghost,ml_chizuru;cg_riina;sm_kazuki;gk_saki,false,false,,medley,,
20251213_moiw2025_d1,33,main,s_gk_1l30awb,sm_hideo;sm_shu;sm_seiji;sm_momondo;sm_ryu,false,false,,medley,,
20251213_moiw2025_d1,34,main,s_765as_07q58ky,ml_yuriko;sm_kazuki;sc_kiriko,,false,,medley,,
20251213_moiw2025_d1,35,main,s_cg_1dz5f4w,765as_haruka;cg_x024;876_ryo,false,false,,medley,,
20251213_moiw2025_d1,36,main,s_like,765as_ritsuko;gk_temari;765as_yayoi,,false,,medley,,
20251213_moiw2025_d1,37,main,s_sm_0l9gvud,cg_x006;cg_chieri;765as_yukiho,,false,,medley,,
20251213_moiw2025_d1,38,main,s_sos,cg_miho;765as_iori;ml_emily,false,false,,medley,,
20251213_moiw2025_d1,39,main,s_cg_11ayici,ml_shizuka;765as_yukiho;sc_nichika,false,false,,medley,,
20251213_moiw2025_d1,40,main,s_ml_0kmi9w1,gk_lilja;cg_x047;sc_yuika,false,false,,medley,,
20251213_moiw2025_d1,41,main,s_orangesapphire,sm_hideo;sm_ryu;sm_seiji;sm_shoma;sm_kuro;876_ryo;sm_daigo;sm_kazuki;sm_shu;sm_momondo,,false,,,,
20251213_moiw2025_d1,42,main,s_valiv_1wiblsj,valiv_cosmo;valiv_manaka;valiv_letora,true,false,,,,
20251213_moiw2025_d1,43,main,s_gk_15g8qio,gk_kotone;gk_rinami;gk_mao;gk_saki;gk_lilja;gk_temari,true,false,,,,
20251213_moiw2025_d1,44,main,s_supremacy,ml_shizuka;ml_tsubasa;ml_serika;ml_akane;ml_yuriko;ml_iku;ml_emily;ml_chizuru;ml_noriko;ml_rio;ml_momoko,false,false,,,,
20251213_moiw2025_d1,45,main,s_iwant,765as_haruka;765as_yayoi;cg_mayu;sc_mamimi,true,false,,,,
20251213_moiw2025_d1,46,main,s_headsortails,sc_hana;sc_luca;sc_haruki;sm_momondo;sm_shu,true,false,,,,
20251213_moiw2025_d1,47,main,s_ultimateflame,sm_ryu;sm_hideo;sm_seiji;ml_noriko;765as_yayoi;cg_yuko;sc_mikoto;gk_saki,true,false,,,,
20251213_moiw2025_d1,48,main,s_sc_0c662d9,sc_mamimi;sc_kiriko;sc_kogane;sc_yuika;sc_sakuya;cg_mayu;cg_chieri;cg_karen;cg_miho;cg_riina,true,false,,,,
20251213_moiw2025_d1,49,main,s_danceinthelight,ml_tsubasa;765as_iori;ml_rio;765as_makoto;sm_daigo;cg_x021;gk_mao;sc_mikoto,,false,,,,
20251213_moiw2025_d1,50,main,s_765as_1eqbxkr,gk_saki;sc_amana;cg_x024;765as_haruka;765as_yukiho;cg_x006;sc_chiyuki;gk_lilja,false,false,,,,
20251213_moiw2025_d1,51,main,s_sc_0fipke0,sm_shoma;ml_akane;cg_x047;765as_yayoi;gk_rinami;cg_yuko;ml_noriko;sm_kuro,false,false,,,,
20251213_moiw2025_d1,52,main,s_howlingovertheworld,sc_luca;cg_karen;sc_yuika;765as_iori;ml_tsubasa;gk_temari;sc_kogane;cg_riina;sc_kiriko,false,false,,,,
20251213_moiw2025_d1,53,main,s_sm_1jxhmcc,sc_sakuya;cg_x021;765as_makoto;ml_rio;gk_mao,false,false,,,,
20251213_moiw2025_d1,54,main,s_campusmode,gk_lilja;gk_temari;gk_saki;gk_kotone;gk_mao;gk_rinami,false,false,,,,
20251213_moiw2025_d1,55,main,s_cg_1devir8,ml_shizuka;ml_chizuru;ml_noriko;ml_momoko;sc_kogane;sc_mamimi;sc_sakuya;sc_yuika;sc_kiriko;sc_nichika;sc_mikoto,,false,,,,
20251213_moiw2025_d1,56,main,s_ml_138a9hc,ml_serika;ml_akane;ml_iku;ml_rio;765as_ritsuko;cg_yuko;cg_x006;sm_daigo;876_ryo;sm_kazuki;sc_tenka;gk_kotone;gk_rinami,false,false,,,,
20251213_moiw2025_d1,57,main,s_needyouforwonderfulstory,765as_haruka;765as_yukiho;765as_yayoi;765as_makoto;765as_iori;765as_ritsuko;cg_x024;cg_x021;cg_x047;cg_mayu;cg_karen;cg_miho;cg_riina;cg_chieri;cg_yuko;cg_x006;ml_shizuka;ml_tsubasa;ml_serika;ml_akane;ml_yuriko;ml_iku;ml_emily;ml_chizuru;ml_noriko;ml_rio;ml_momoko;sm_hideo;sm_ryu;sm_seiji;sm_shoma;sm_kuro;876_ryo;sm_daigo;sm_kazuki;sm_shu;sm_momondo;sc_kogane;sc_mamimi;sc_sakuya;sc_yuika;sc_kiriko;sc_amana;sc_tenka;sc_chiyuki;sc_nichika;sc_mikoto;sc_luca;sc_hana;sc_haruki;gk_saki;gk_temari;gk_kotone;gk_mao;gk_lilja;gk_rinami;valiv_manaka;valiv_cosmo;valiv_letora,,false,,,,
20251214_moiw2025_d2,1,main,s_reason,sm_teru;sm_hokuto;sm_suzaku;sm_genbu;sm_michio;sm_rui;sm_jiro;sm_takeru;sm_michiru;sm_ren;sm_amehiko;sm_sora;sm_chris,,false,,half,,
20251214_moiw2025_d2,2,main,s_sc_1fr93pb,sc_mano;sc_hiori;sc_megumi;sc_kaho;sc_juri;sc_rinze;sc_natsuha;sc_asahi;sc_fuyuko;sc_mei;sc_toru;sc_madoka;sc_koito;sc_hinana,false,false,,half,,
20251214_moiw2025_d2,3,main,s_crossing,ml_mirai;ml_minako;ml_megumi;ml_konomi;ml_mizuki;ml_karen;ml_subaru;ml_julia;ml_tsumugi;ml_kaori,,false,,half,,
20251214_moiw2025_d2,4,main,s_gk_06racjs,gk_china;gk_sumika;gk_hiro;gk_ume;gk_misuzu;gk_sena,false,false,,half,,
20251214_moiw2025_d2,5,main,s_cg_118yoj6,cg_uzuki;cg_frederica;cg_x010;cg_rin;cg_x020;cg_x038;cg_yui;cg_x036;cg_mika,false,false,,half,,
20251214_moiw2025_d2,6,main,s_change,765as_chihaya;765as_miki;765as_takane;765as_azusa;765as_hibiki,false,false,,half,,
20251214_moiw2025_d2,7,main,s_sc_0x8ppja,sc_rinze;sc_kaho;sc_juri;sc_natsuha;ml_kaori;765as_takane;ml_mirai,false,false,,,,
20251214_moiw2025_d2,8,main,s_cg_0zlkc8q,cg_frederica;cg_uzuki;cg_x010;sc_hiori;sc_mano;sc_megumi,,false,,,,
20251214_moiw2025_d2,9,main,s_365,sc_hinana;sc_toru;sc_madoka;sc_koito;gk_china;gk_ume;gk_hiro,true,false,,,,
20251214_moiw2025_d2,10,main,s_understandunderstand,ml_konomi;ml_mirai;sc_kaho;cg_x010;sc_mano;cg_yui,false,false,,,,
20251214_moiw2025_d2,11,main,s_fromteachertofuture,sm_jiro;sm_michio;sm_rui;gk_china;gk_sumika;gk_hiro;gk_ume;gk_misuzu;gk_sena,true,false,,,,
20251214_moiw2025_d2,12,main,s_cyberparkour,sc_fuyuko;sc_asahi;sc_mei;ml_minako;sc_hiori;sm_michiru,true,false,,,,
20251214_moiw2025_d2,13,main,s_top,cg_uzuki;cg_frederica;cg_x010;cg_rin;cg_x020;cg_x038;cg_yui;cg_x036;cg_mika,false,false,,,,
20251214_moiw2025_d2,14,main,s_gk_183jiw9,gk_hiro;gk_sumika;gk_china;gk_ume;gk_misuzu;gk_sena,true,false,,,,
20251214_moiw2025_d2,15,main,s_rayoflight,sm_michiru;sm_takeru;sm_ren;sc_fuyuko;sc_asahi;sc_mei,true,false,,,,
20251214_moiw2025_d2,16,main,s_765as_068qsj6,765as_miki;765as_azusa;cg_frederica;cg_uzuki;cg_x010,,false,,,,
20251214_moiw2025_d2,17,main,s_sm_1eqghhu,sm_suzaku;sm_genbu;cg_x038;cg_x036;sc_juri;sc_natsuha,true,false,,,,
20251214_moiw2025_d2,18,main,s_legacyofspirit,sm_amehiko;sm_sora;sm_chris;765as_hibiki;765as_azusa,true,false,,,,
20251214_moiw2025_d2,19,main,s_gossipclub,cg_x036;cg_yui;cg_mika;765as_miki;ml_megumi;sc_mei;gk_sumika,,false,,,,
20251214_moiw2025_d2,20,main,s_everrising,other_shirahaku;961_aya,true,false,,,,
20251214_moiw2025_d2,21,main,s_gk_0494tmm,gk_china;gk_hiro;gk_sumika,false,false,,,,
20251214_moiw2025_d2,22,main,s_sc_0wxtvva,sm_teru;sm_hokuto;sm_suzaku;sm_genbu;sm_michio;sm_rui;sm_jiro;sm_takeru;sm_michiru;sm_ren;sm_amehiko;sm_sora;sm_chris,false,false,,,,
20251214_moiw2025_d2,23,main,s_lightyearsong,765as_chihaya;765as_hibiki;sc_hinana;sc_toru;sc_madoka;sc_koito,false,false,,,,
20251214_moiw2025_d2,24,main,s_showeroflight,sc_megumi;sc_mano;sc_hiori;gk_misuzu;gk_ume;gk_sena,true,false,,,,
20251214_moiw2025_d2,25,main,s_thefirststar,sm_teru,true,false,,short,,
20251214_moiw2025_d2,26,main,s_romanticshaker,sm_hokuto,true,false,,short,,
20251214_moiw2025_d2,27,main,s_parade,sm_teru;sm_jiro;sm_michio;sm_rui;sm_hokuto,false,false,,short,,
20251214_moiw2025_d2,28,main,s_compassgripper,sc_mano;sc_hiori;sc_megumi;sc_kaho;sc_juri;sc_rinze;sc_natsuha;sc_asahi;sc_fuyuko;sc_mei;sc_toru;sc_madoka;sc_koito;sc_hinana,false,false,,,,
20251214_moiw2025_d2,29,main,s_gk_019m885,ml_mizuki;ml_minako;cg_frederica,false,false,,medley,,
20251214_moiw2025_d2,30,main,s_lesson,sm_jiro;sm_michio;sm_rui,false,false,,medley,,
20251214_moiw2025_d2,31,main,s_sm_16jihsx,ml_subaru;cg_rin;ml_julia;sc_toru,false,false,,medley,,
20251214_moiw2025_d2,32,main,s_radiohappy,sc_megumi;sm_rui;cg_yui;765as_miki;sm_michiru;sc_hinana,true,false,,medley,,
20251214_moiw2025_d2,33,main,s_cg_1sl7qf3,sc_koito;765as_hibiki;sm_chris,,false,,medley,,
20251214_moiw2025_d2,34,main,s_upperdog,sc_natsuha;cg_rin;sc_kaho,false,false,,medley,,
20251214_moiw2025_d2,35,main,s_catcrossing,sm_jiro;sm_suzaku;sm_ren;sm_takeru,false,false,,medley,,
20251214_moiw2025_d2,36,main,s_gk_0xwptnz,ml_tsumugi;765as_takane;sc_rinze,false,false,,medley,,
20251214_moiw2025_d2,37,main,s_sc_0yzfysq,ml_karen;sc_koito;gk_china,true,false,,medley,,
20251214_moiw2025_d2,38,main,s_sc_0w14yhf,ml_mizuki;ml_mirai;sc_megumi;cg_x010,false,false,,medley,,
20251214_moiw2025_d2,39,main,s_ml_0ebnpzq,gk_hiro;sc_rinze;sc_mano,false,false,,medley,,
20251214_moiw2025_d2,40,main,s_jewel,ml_konomi;ml_kaori;sm_hokuto;765as_azusa;ml_karen,,false,,medley,,
20251214_moiw2025_d2,41,main,s_99nights,ml_tsumugi;cg_x020;sc_madoka;sm_sora,,false,,medley,,
20251214_moiw2025_d2,42,main,s_tonesdestiny,765as_chihaya;ml_kaori,false,false,,medley,,
20251214_moiw2025_d2,43,main,s_bravestar,sm_teru;ml_julia;sc_asahi,false,false,,medley,,
20251214_moiw2025_d2,44,main,s_myevolution,gk_china;gk_sumika;gk_hiro;gk_ume;gk_misuzu;gk_sena,,false,,,,
20251214_moiw2025_d2,45,main,s_endlessdance,765as_chihaya;765as_miki;765as_takane;765as_azusa;765as_hibiki,false,false,,,,
20251214_moiw2025_d2,46,main,s_ml_0cgelom,ml_tsumugi;ml_kaori;sc_fuyuko;cg_uzuki;cg_rin;sc_mei,,false,,,,
20251214_moiw2025_d2,47,main,s_hypernova,ml_minako;ml_karen;ml_subaru;ml_mizuki;ml_julia;sm_amehiko;sm_sora;sm_chris,false,false,,,,
20251214_moiw2025_d2,48,main,s_diamondjoker,765as_takane;ml_megumi;gk_sena;cg_mika;sc_natsuha,false,false,,,,
20251214_moiw2025_d2,49,main,s_drasticmelody,cg_x020;cg_rin;cg_x038;765as_chihaya;sc_hiori;sm_genbu;sm_takeru,,false,,,,
20251214_moiw2025_d2,50,main,s_starmine,gk_misuzu;gk_sena;gk_ume,true,false,,,,
20251214_moiw2025_d2,51,main,s_realize,sm_hokuto;765as_hibiki;765as_miki;765as_takane;other_shirahaku;961_aya,true,false,,,,
20251214_moiw2025_d2,52,main,s_brandnew,ml_mirai;ml_minako;ml_megumi;ml_konomi;ml_mizuki;ml_karen;ml_subaru;ml_julia;ml_tsumugi;ml_kaori,false,false,,,,
20251214_moiw2025_d2,53,main,s_campusmode,gk_hiro;gk_misuzu;gk_ume;gk_sena;gk_china;gk_sumika,false,false,,,,
20251214_moiw2025_d2,54,main,s_show,other_shirahaku;sc_fuyuko;cg_uzuki;gk_china;sm_ren,,false,,,,
20251214_moiw2025_d2,55,main,s_sc_1ek8hzi,ml_megumi;cg_x020;gk_sena;765as_chihaya;sm_amehiko,false,false,,,,
20251214_moiw2025_d2,56,main,s_sm_0lq6zoi,sc_rinze;gk_misuzu;ml_mirai;ml_tsumugi;ml_konomi;cg_frederica;sc_hinana;gk_sumika,false,false,,,,
20251214_moiw2025_d2,57,main,s_ml_1ilm09z,sm_teru;sm_hokuto;sm_suzaku;sm_genbu;sm_michio;sm_rui;sm_jiro;sm_takeru;sm_michiru;sm_ren;sm_amehiko;sm_sora;sm_chris,,false,,,,
20251214_moiw2025_d2,58,main,s_gk_1b85fiq,cg_yui;gk_hiro;sc_toru;cg_mika;sc_asahi;ml_mizuki;sc_madoka;gk_misuzu;ml_karen,false,false,,,,
20251214_moiw2025_d2,59,main,s_midnight,gk_ume;gk_sumika;sm_suzaku;ml_minako;cg_x036;ml_julia;765as_azusa;cg_x038;ml_subaru;sm_genbu;sc_kaho;sc_juri,,false,,,,
20251214_moiw2025_d2,60,main,s_needyouforwonderfulstory,765as_chihaya;765as_miki;765as_takane;765as_azusa;765as_hibiki;cg_uzuki;cg_frederica;cg_x010;cg_rin;cg_x020;cg_x038;cg_yui;cg_x036;cg_mika;ml_mirai;ml_minako;ml_megumi;ml_konomi;ml_mizuki;ml_karen;ml_subaru;ml_julia;ml_tsumugi;ml_kaori;sm_teru;sm_hokuto;sm_suzaku;sm_genbu;sm_michio;sm_rui;sm_jiro;sm_takeru;sm_michiru;sm_ren;sm_amehiko;sm_sora;sm_chris;sc_mano;sc_hiori;sc_megumi;sc_kaho;sc_juri;sc_rinze;sc_natsuha;sc_asahi;sc_fuyuko;sc_mei;sc_toru;sc_madoka;sc_koito;sc_hinana;gk_china;gk_sumika;gk_hiro;gk_ume;gk_misuzu;gk_sena;other_shirahaku;961_aya,,false,,,,
20250201_961_reframe_dawn,1,main,s_961_0sw6nh9,765as_hibiki;765as_miki;765as_takane,,false,,,,オーバーマスター -Rio Hamamoto Rearrange-
20250201_961_reframe_dawn,2,main,s_765as_1pbe8rs,765as_hibiki;765as_miki;765as_takane,,false,,,,マリオネットの心
20250201_961_reframe_dawn,3,main,s_flame,765as_hibiki;765as_miki;765as_takane,,false,,,,FlaME
20250201_961_reframe_dawn,4,main,s_765as_06ef4dj,765as_miki,,false,,,,追憶のサンドグラス/星井美希
20250201_961_reframe_dawn,5,main,s_765as_0z1h8sy,765as_miki,,false,,,,目が逢う瞬間
20250201_961_reframe_dawn,6,main,s_mind,765as_hibiki,,false,,,,迷走Mind
20250201_961_reframe_dawn,7,main,s_rebellion,765as_hibiki,,false,,,,Rebellion
20250201_961_reframe_dawn,8,main,s_765as_0gyyy0n,765as_takane,,false,,,,フタリの記憶
20250201_961_reframe_dawn,9,main,s_765as_0za1sbd,765as_takane,,false,,,,フラワーガール
20250201_961_reframe_dawn,10,main,s_iwant,765as_hibiki;765as_takane,,false,,,,I Want
20250201_961_reframe_dawn,11,main,s_eden,765as_miki;765as_takane,,false,,,,edeN
20250201_961_reframe_dawn,12,main,s_inferno,765as_hibiki;765as_miki,,false,,,,inferno
20250201_961_reframe_dawn,13,main,s_fateoftheworld,765as_hibiki;765as_miki;765as_takane,,false,,,,Fate of the World
20250201_961_reframe_dawn,14,main,s_1stcall,765as_hibiki;765as_miki;765as_takane,,false,,,,1st Call
20250201_961_reframe_dawn,15,main,s_kiss,765as_hibiki;765as_miki;765as_takane,,false,,,,KisS
20250201_961_reframe_dawn,16,main,s_realize,765as_hibiki;765as_miki;765as_takane,,true,,,,REALIZE！！！
20250201_961_reframe_dawn,17,encore,s_everrising,765as_hibiki;765as_miki;765as_takane,,false,,,,EVER RISING
20250201_961_reframe_dusk,1,main,s_everrising,other_shirahaku;961_aya,,false,,,,EVER RISING(アルバノクト)
20250201_961_reframe_dusk,2,main,s_1stcall,961_aya,,false,,,,1st Call
20250201_961_reframe_dusk,3,main,s_crossover_02lesfr,other_shirahaku,,false,,,,ダンス・ダンス・ダンス
20250201_961_reframe_dusk,4,main,s_flame,765as_hibiki;765as_miki;765as_takane,,false,,,,FlaME
20250201_961_reframe_dusk,5,main,s_kiss,765as_hibiki;765as_miki;765as_takane,,false,,,,KisS
20250201_961_reframe_dusk,6,main,s_meltedsnow,765as_takane,,false,,,,Melted Snow(961プロVer.)
20250201_961_reframe_dusk,7,main,s_961_0h911el,765as_hibiki,,false,,,,黒い犬
20250201_961_reframe_dusk,8,main,s_765as_18pabse,765as_miki,,false,,,,ストレートラブ！(961プロVer.)
20250201_961_reframe_dusk,9,main,s_961_10qkeby,765as_takane;765as_miki;765as_hibiki,,false,,,,インセインゲーム
20250201_961_reframe_dusk,10,main,s_bloomingstar,765as_takane,,false,,,,Blooming Star
20250201_961_reframe_dusk,11,main,s_961_0xiwoyx,765as_miki,,false,,,,アルティメットアイズ
20250201_961_reframe_dusk,12,main,s_961_16hbu57,765as_hibiki,,false,,,,アクセルレーション
20250201_961_reframe_dusk,13,main,s_realize,765as_hibiki;765as_miki;765as_takane,,false,,,,REALIZE！！！
20250201_961_reframe_dusk,14,main,s_miraclenight,765as_hibiki;765as_miki;765as_takane,,false,,,,Miracle Night
20250201_961_reframe_dusk,15,encore,s_765as_1yw5ep9,765as_hibiki;765as_miki;765as_takane;other_shirahaku;961_aya,,false,,,,空
20250201_961_reframe_dusk,16,encore,s_961_0sw6nh9,765as_hibiki;765as_miki;765as_takane,,false,,,,オーバーマスター
20251018_765as_nakayon_egao,1,main,s_765as_0g3r6tw,765as_yayoi;765as_iori,,false,,,,おはよう！！朝ご飯
20251018_765as_nakayon_egao,2,main,s_765as_01wogu2,765as_yayoi;765as_iori,,false,,,,ポジティブ！
20251018_765as_nakayon_egao,3,main,s_gomyway,765as_yayoi;765as_iori,,false,,,,GO MY WAY!!
20251018_765as_nakayon_egao,4,main,s_765as_1ewun46,765as_yayoi,,false,,,,キラメキラリ
20251018_765as_nakayon_egao,5,main,s_765as_1w8ehoa,765as_yayoi;765as_iori,,false,,,,待ち受けプリンス
20251018_765as_nakayon_egao,6,main,s_765as_09fmqny,765as_yayoi;765as_iori,,false,,,,私はアイドル♡
20251018_765as_nakayon_egao,7,main,s_765as_0i9uxim,765as_iori,,false,,,,全力アイドル
20251018_765as_nakayon_egao,8,main,s_765as_0tyu2w5,765as_yayoi;765as_iori,,false,,,,ビジョナリー
20251018_765as_nakayon_egao,9,main,s_765as_0kvhlnh,765as_yayoi,,false,,,,プラ・ソニック・ラブ！
20251018_765as_nakayon_egao,10,main,s_765as_013f6jf,765as_iori,,false,,,,ロイヤルストレートフラッシュ
20251018_765as_nakayon_egao,11,main,s_herewego,765as_yayoi;765as_iori,,false,,,,Here we go!!
20251018_765as_nakayon_egao,12,main,s_765as_0e62b1l,765as_yayoi,,false,,,,ゲンキトリッパー
20251018_765as_nakayon_egao,13,main,s_765as_0fzoweq,765as_yayoi;765as_iori,,false,,,,星彩ステッパー
20251018_765as_nakayon_egao,14,main,s_99nights,765as_yayoi;765as_iori,,false,,,,99 Nights
20251018_765as_nakayon_egao,15,main,s_voyager,765as_yayoi;765as_iori,,false,,,,VOY@GER
20251018_765as_nakayon_egao,16,main,s_flowerknows,765as_yayoi;765as_iori,,false,,,,Flower Knows
20251018_765as_nakayon_egao,17,encore,s_765as_16tkw1w,765as_yayoi,,false,,,,スマイル体操
20251018_765as_nakayon_egao,18,encore,s_shinysmile,765as_yayoi;765as_iori,,false,,,,shiny smile
20251018_765as_nakayon_egao,19,encore,s_765as_12z5yz0,765as_yayoi;765as_iori,,false,,,,仲良しでいようね♡
20251019_765as_nakayon_hyaku,1,main,s_765as_1nl4rwo,765as_yayoi;765as_iori,,false,,,,オハヨ○サンシャイン
20251019_765as_nakayon_hyaku,2,main,s_gomyway,765as_yayoi;765as_iori,,false,,,,GO MY WAY!!
20251019_765as_nakayon_hyaku,3,main,s_765as_0tyu2w5,765as_yayoi;765as_iori,,false,,,,ビジョナリー
20251019_765as_nakayon_hyaku,4,main,s_765as_0i9uxim,765as_iori,,false,,,,全力アイドル
20251019_765as_nakayon_hyaku,5,main,s_dodai,765as_yayoi;765as_iori,,false,,,,Do-Dai
20251019_765as_nakayon_hyaku,6,main,s_765as_01wogu2,765as_yayoi;765as_iori,,false,,,,ポジティブ！
20251019_765as_nakayon_hyaku,7,main,s_765as_1ewun46,765as_yayoi,,false,,,,キラメキラリ
20251019_765as_nakayon_hyaku,8,main,s_flowerknows,765as_yayoi;765as_iori,,false,,,,Flower Knows
20251019_765as_nakayon_hyaku,9,main,s_herewego,765as_yayoi;765as_iori,,false,,,,Here we go!!
20251019_765as_nakayon_hyaku,10,main,s_voyager,765as_yayoi;765as_iori,,false,,,,VOY@GER
20251019_765as_nakayon_hyaku,11,main,s_765as_0znwlxq,765as_iori,,false,,,,ソナー
20251019_765as_nakayon_hyaku,12,main,s_765as_13kebkb,765as_yayoi,,false,,,,まほろば
20251019_765as_nakayon_hyaku,13,main,s_99nights,765as_yayoi;765as_iori,,false,,,,99 Nights
20251019_765as_nakayon_hyaku,14,main,s_765as_0gyyy0n,765as_iori,,false,,,,フタリの記憶
20251019_765as_nakayon_hyaku,15,main,s_diamond,765as_iori;765as_yayoi,,false,,,,DIAMOND(2番からやよい参加)
20251019_765as_nakayon_hyaku,16,main,s_goodbyes,765as_yayoi;765as_iori,,false,,,,Good-Byes
20251019_765as_nakayon_hyaku,17,encore,s_mysong,765as_iori,,false,,,,my song
20251019_765as_nakayon_hyaku,18,encore,s_765as_0jqujd3,765as_yayoi;765as_iori,,false,,,,チクタク
20251019_765as_nakayon_hyaku,19,encore,s_765as_12z5yz0,765as_yayoi;765as_iori,,false,,,,仲良しでいようね♡
20251019_765as_nakayon_kimi,1,main,s_voyager,765as_yayoi;765as_iori,,false,,,,VOY@GER
20251019_765as_nakayon_kimi,2,main,s_99nights,765as_yayoi;765as_iori,,false,,,,99 Nights
20251019_765as_nakayon_kimi,3,main,s_765as_0fzoweq,765as_yayoi;765as_iori,,false,,,,星彩ステッパー
20251019_765as_nakayon_kimi,4,main,s_765as_1nl4rwo,765as_yayoi;765as_iori,,false,,,,オハヨ○サンシャイン
20251019_765as_nakayon_kimi,5,main,s_765as_0e62b1l,765as_yayoi,,false,,,,ゲンキトリッパー
20251019_765as_nakayon_kimi,6,main,s_765as_0cb6rw0,765as_iori,,false,,,,リゾラ
20251019_765as_nakayon_kimi,7,main,s_dodai,765as_yayoi;765as_iori,,false,,,,Do-Dai
20251019_765as_nakayon_kimi,8,main,s_765as_1w8ehoa,765as_yayoi;765as_iori,,false,,,,待ち受けプリンス
20251019_765as_nakayon_kimi,9,main,s_765as_0i9uxim,765as_iori,,false,,,,全力アイドル
20251019_765as_nakayon_kimi,10,main,s_765as_1ewun46,765as_yayoi,,false,,,,キラメキラリ
20251019_765as_nakayon_kimi,11,main,s_show,765as_yayoi;765as_iori,,false,,,,ザ・ライブ革命でSHOW！
20251019_765as_nakayon_kimi,12,main,s_765as_1wk61fu,765as_yayoi;765as_iori,,false,,,,きゅんっ！ヴァンパイアガール
20251019_765as_nakayon_kimi,13,main,s_765as_013f6jf,765as_iori,,false,,,,ロイヤルストレートフラッシュ
20251019_765as_nakayon_kimi,14,main,s_futarimoji,765as_yayoi,,false,,,,ふたりのもじぴったん
20251019_765as_nakayon_kimi,15,main,s_flowerknows,765as_yayoi;765as_iori,,false,,,,Flower Knows
20251019_765as_nakayon_kimi,16,main,s_shyshining,765as_yayoi;765as_iori,,false,,,,shy→shining
20251019_765as_nakayon_kimi,17,encore,s_mybestfriend,765as_yayoi;765as_iori,,false,,,,My Best Friend
20251019_765as_nakayon_kimi,18,encore,s_765as_1snprhs,765as_yayoi;765as_iori,,false,,,,私たちはずっと…でしょう？
20251019_765as_nakayon_kimi,19,encore,s_765as_12z5yz0,765as_yayoi;765as_iori,,false,,,,仲良しでいようね♡
20251019_765as_nakayon_kimi,20,encore,s_theidolmster,765as_yayoi;765as_iori,,false,,,,THE IDOLM@STER
20250301_sc_2nd_prism_d1,1,main,s_sc_1fr93pb,sc_rinze;sc_kaho;sc_juri;sc_natsuha;sc_fuyuko;sc_asahi;sc_mei;sc_hiori;sc_mano;sc_megumi;sc_toru;sc_madoka;sc_koito;sc_amana;sc_chiyuki;sc_tenka;sc_mamimi;sc_kiriko;sc_yuika;sc_sakuya,,false,,,,
20250301_sc_2nd_prism_d1,2,main,s_wanderingdreamchaser,sc_fuyuko;sc_asahi;sc_mei,,false,,,,
20250301_sc_2nd_prism_d1,3,main,s_abyssofconflict,sc_mamimi;sc_kiriko;sc_yuika;sc_sakuya,,false,,,,
20250301_sc_2nd_prism_d1,4,main,s_sc_1fq19o8,sc_hiori;sc_mano;sc_megumi,,false,,,,
20250301_sc_2nd_prism_d1,5,main,s_sc_0emg9ar,sc_rinze;sc_kaho;sc_juri;sc_natsuha,,false,,,,
20250301_sc_2nd_prism_d1,6,main,s_sc_17t1nwd,sc_madoka;sc_toru;sc_koito,,false,,,,
20250301_sc_2nd_prism_d1,7,main,s_withyou,sc_amana;sc_chiyuki;sc_tenka,,false,,,,
20250301_sc_2nd_prism_d1,8,main,s_sc_1qhkuyd,sc_mamimi;sc_kiriko;sc_yuika;sc_sakuya,,false,,,,
20250301_sc_2nd_prism_d1,9,main,s_imitationghost,sc_fuyuko;sc_asahi;sc_mei,,false,,,,
20250301_sc_2nd_prism_d1,10,main,s_sc_1r5n2yf,sc_hiori;sc_mano;sc_megumi,,false,,,,
20250301_sc_2nd_prism_d1,11,main,s_sc_041jaws,sc_amana;sc_chiyuki;sc_tenka,,false,,,,
20250301_sc_2nd_prism_d1,12,main,s_veryberrylove,sc_amana;sc_chiyuki;sc_tenka,,false,,,,
20250301_sc_2nd_prism_d1,13,main,s_futuredesigner,sc_fuyuko;sc_mei;sc_asahi,,false,,,,
20250301_sc_2nd_prism_d1,14,main,s_sc_0wxtvva,sc_rinze;sc_kaho;sc_juri;sc_natsuha,,false,,,,
20250301_sc_2nd_prism_d1,15,main,s_sc_1p0h5kb,sc_madoka;sc_toru;sc_koito,,false,,,,
20250301_sc_2nd_prism_d1,16,main,s_sc_1jk7dfe,sc_madoka;sc_toru;sc_koito,,false,,,,
20250301_sc_2nd_prism_d1,17,main,s_sign,sc_toru;sc_koito;sc_madoka,,false,,,,
20250301_sc_2nd_prism_d1,18,main,s_midnightparade,sc_mei;sc_sakuya;sc_tenka;sc_rinze;sc_mamimi,,false,,,,
20250301_sc_2nd_prism_d1,19,main,s_dyethesky,sc_mei;sc_sakuya;sc_tenka;sc_rinze;sc_mamimi,,false,,,,
20250301_sc_2nd_prism_d1,20,main,s_daybreakage,sc_hiori;sc_asahi;sc_natsuha,,false,,,,
20250301_sc_2nd_prism_d1,21,main,s_sweetstep,sc_fuyuko;sc_kiriko;sc_mano;sc_chiyuki,,false,,,,
20250301_sc_2nd_prism_d1,22,main,s_letsgetachance,sc_amana;sc_yuika;sc_kaho;sc_juri;sc_megumi,,false,,,,
20250301_sc_2nd_prism_d1,23,main,s_candyuniverse,sc_amana;sc_yuika;sc_kaho;sc_juri;sc_megumi,,false,,,,
20250301_sc_2nd_prism_d1,24,main,s_poisonberrydaughters,sc_fuyuko;sc_kiriko;sc_mano;sc_chiyuki;sc_natsuha;sc_asahi;sc_hiori;sc_mei;sc_sakuya;sc_tenka;sc_mamimi;sc_rinze;sc_amana;sc_yuika;sc_kaho;sc_juri;sc_megumi,,false,,,,
20250301_sc_2nd_prism_d1,25,encore,s_multicoloredsky,sc_mano;sc_hiori;sc_megumi;sc_mamimi;sc_sakuya;sc_yuika;sc_kiriko;sc_kaho;sc_juri;sc_rinze;sc_natsuha;sc_amana;sc_tenka;sc_chiyuki;sc_asahi;sc_fuyuko;sc_mei;sc_toru;sc_madoka;sc_koito,,false,,,,
20250301_sc_2nd_prism_d1,26,encore,s_sc_1v389bj,sc_toru;sc_madoka;sc_koito;sc_fuyuko;sc_asahi;sc_mei;sc_amana;sc_chiyuki;sc_tenka;sc_hiori;sc_mano;sc_megumi;sc_mamimi;sc_kiriko;sc_yuika;sc_sakuya;sc_rinze;sc_kaho;sc_juri;sc_natsuha,,false,,,,
20250302_sc_2nd_prism_d2,1,main,s_poisonberrydaughters,sc_fuyuko;sc_kiriko;sc_mano;sc_chiyoko;sc_chiyuki;sc_natsuha;sc_kogane;sc_asahi;sc_hiori;sc_mei;sc_sakuya;sc_tenka;sc_mamimi;sc_rinze;sc_amana;sc_yuika;sc_kaho;sc_juri;sc_megumi,,false,,,,
20250302_sc_2nd_prism_d2,2,main,s_sc_0huwrr7,sc_fuyuko;sc_kiriko;sc_mano;sc_chiyoko;sc_chiyuki,,false,,,,
20250302_sc_2nd_prism_d2,3,main,s_sweetstep,sc_fuyuko;sc_kiriko;sc_mano;sc_chiyoko;sc_chiyuki,,false,,,,
20250302_sc_2nd_prism_d2,4,main,s_dyethesky,sc_mei;sc_sakuya;sc_tenka;sc_rinze;sc_mamimi,,false,,,,
20250302_sc_2nd_prism_d2,5,main,s_letsgetachance,sc_amana;sc_yuika;sc_kaho;sc_juri;sc_megumi,,false,,,,
20250302_sc_2nd_prism_d2,6,main,s_daybreakage,sc_natsuha;sc_kogane;sc_asahi;sc_hiori,,false,,,,
20250302_sc_2nd_prism_d2,7,main,s_openthenewworld,sc_natsuha;sc_kogane;sc_asahi;sc_hiori,,false,,,,
20250302_sc_2nd_prism_d2,8,main,s_sc_17t1nwd,sc_madoka;sc_toru;sc_koito,,false,,,,
20250302_sc_2nd_prism_d2,9,main,s_sc_041jaws,sc_amana;sc_chiyuki;sc_tenka,,false,,,,
20250302_sc_2nd_prism_d2,10,main,s_sc_1r5n2yf,sc_hiori;sc_mano;sc_megumi,,false,,,,
20250302_sc_2nd_prism_d2,11,main,s_sc_1qhkuyd,sc_mamimi;sc_kiriko;sc_kogane;sc_yuika;sc_sakuya,,false,,,,
20250302_sc_2nd_prism_d2,12,main,s_imitationghost,sc_fuyuko;sc_asahi;sc_mei,,false,,,,
20250302_sc_2nd_prism_d2,13,main,s_sc_1jk7dfe,sc_madoka;sc_toru;sc_koito,,false,,,,
20250302_sc_2nd_prism_d2,14,main,s_sc_00b4zsa,sc_rinze;sc_chiyoko;sc_kaho;sc_juri;sc_natsuha,,false,,,,
20250302_sc_2nd_prism_d2,15,main,s_sc_0emg9ar,sc_rinze;sc_chiyoko;sc_kaho;sc_juri;sc_natsuha,,false,,,,
20250302_sc_2nd_prism_d2,16,main,s_abyssofconflict,sc_mamimi;sc_kiriko;sc_kogane;sc_yuika;sc_sakuya,,false,,,,
20250302_sc_2nd_prism_d2,17,main,s_wanderingdreamchaser,sc_fuyuko;sc_asahi;sc_mei,,false,,,,
20250302_sc_2nd_prism_d2,18,main,s_veryberrylove,sc_amana;sc_chiyuki;sc_tenka,,false,,,,
20250302_sc_2nd_prism_d2,19,main,s_sc_0wxtvva,sc_rinze;sc_chiyoko;sc_kaho;sc_juri;sc_natsuha,,false,,,,
20250302_sc_2nd_prism_d2,20,main,s_sc_06zzyof,sc_yuika;sc_kogane;sc_sakuya;sc_mamimi;sc_kiriko,,false,,,,
20250302_sc_2nd_prism_d2,21,main,s_sc_1p0h5kb,sc_madoka;sc_toru;sc_koito,,false,,,,
20250302_sc_2nd_prism_d2,22,main,s_sc_1fq19o8,sc_hiori;sc_mano;sc_megumi,,false,,,,
20250302_sc_2nd_prism_d2,23,main,s_sc_1fr93pb,sc_rinze;sc_chiyoko;sc_kaho;sc_juri;sc_natsuha;sc_fuyuko;sc_asahi;sc_mei;sc_hiori;sc_mano;sc_megumi;sc_toru;sc_madoka;sc_koito;sc_amana;sc_chiyuki;sc_tenka;sc_mamimi;sc_kiriko;sc_kogane;sc_yuika;sc_sakuya,,false,,,,
20250302_sc_2nd_prism_d2,24,encore,s_sc_0m724cz,sc_hiori;sc_mano;sc_megumi,,false,,,,
20250302_sc_2nd_prism_d2,25,encore,s_sc_1v389bj,sc_toru;sc_madoka;sc_koito;sc_fuyuko;sc_asahi;sc_mei;sc_amana;sc_chiyuki;sc_tenka;sc_hiori;sc_mano;sc_megumi;sc_mamimi;sc_kiriko;sc_kogane;sc_yuika;sc_sakuya;sc_rinze;sc_chiyoko;sc_kaho;sc_juri;sc_natsuha,,false,,,,
20250302_sc_2nd_prism_d2,26,encore,s_sc_1uqui9i,sc_mano,,false,,,,
20250111_sc_liminal_never1,1,main,s_sc_1bm8d6a,sc_hana,,false,,,,
20250111_sc_liminal_never1,2,main,s_sc_0aomxeh,sc_hana;sc_haruki;sc_luca,,false,,,,
20250111_sc_liminal_never1,3,main,s_sc_0o78e8e,sc_luca;sc_hana;sc_haruki,,false,,,,
20250111_sc_liminal_never1,4,main,s_sc_0q1u6wd,sc_haruki;sc_hana;sc_luca,,false,,,,
20250111_sc_liminal_never1,5,main,s_sc_0y2ypnq,sc_haruki,,false,,,,
20250111_sc_liminal_never1,6,main,s_sc_1496och,sc_nichika,,false,,,,
20250111_sc_liminal_never1,7,main,s_happier,sc_nichika;sc_mikoto,,false,,,,
20250111_sc_liminal_never1,8,main,s_afterrun,sc_nichika;sc_mikoto,,false,,,,
20250111_sc_liminal_never1,9,main,s_ohmygod,sc_nichika;sc_mikoto,,false,,,,
20250111_sc_liminal_never1,10,main,s_monochromatic,sc_nichika;sc_mikoto,,false,,,,
20250111_sc_liminal_never1,11,main,s_flyandfly,sc_nichika;sc_mikoto,,false,,,,
20250111_sc_liminal_never1,12,main,s_bouncygirl,sc_nichika;sc_mikoto,,false,,,,
20250111_sc_liminal_never1,13,main,s_whitestory,sc_nichika;sc_mikoto,,false,,,,
20250111_sc_liminal_never1,14,main,s_lookuptothesky,sc_mikoto,,false,,,,
20250111_sc_liminal_never1,15,main,s_sc_1sgesus,sc_hana;sc_luca;sc_haruki;sc_nichika;sc_mikoto,,false,,,,
20250111_sc_liminal_never1,16,main,s_sc_1oqu3cy,sc_hana;sc_luca;sc_haruki;sc_nichika;sc_mikoto,,false,,,,
20250111_sc_liminal_never1,17,encore,s_sc_0u19aak,sc_luca,,false,,,,
20250111_sc_liminal_never1,18,encore,s_headsortails,sc_hana;sc_luca;sc_haruki,,false,,,,
20250111_sc_liminal_never1,19,encore,s_sc_0c6c46r,sc_hana;sc_luca;sc_haruki,,false,,,,
20250111_sc_liminal_never1,20,encore,s_cmonjoinus,sc_hana;sc_haruki,,false,,,,
20250111_sc_liminal_odd2,1,main,s_sc_0y2ypnq,sc_haruki,,false,,,,
20250111_sc_liminal_odd2,2,main,s_sc_0aomxeh,sc_hana;sc_haruki;sc_luca,,false,,,,
20250111_sc_liminal_odd2,3,main,s_sc_0o78e8e,sc_luca;sc_hana;sc_haruki,,false,,,,
20250111_sc_liminal_odd2,4,main,s_sc_0q1u6wd,sc_haruki;sc_hana;sc_luca,,false,,,,
20250111_sc_liminal_odd2,5,main,s_sc_1bm8d6a,sc_hana,,false,,,,
20250111_sc_liminal_odd2,6,main,s_lookuptothesky,sc_mikoto,,false,,,,
20250111_sc_liminal_odd2,7,main,s_happier,sc_nichika;sc_mikoto,,false,,,,
20250111_sc_liminal_odd2,8,main,s_afterrun,sc_nichika;sc_mikoto,,false,,,,
20250111_sc_liminal_odd2,9,main,s_ohmygod,sc_nichika;sc_mikoto,,false,,,,
20250111_sc_liminal_odd2,10,main,s_monochromatic,sc_nichika;sc_mikoto,,false,,,,
20250111_sc_liminal_odd2,11,main,s_flyandfly,sc_nichika,,false,,,,
20250111_sc_liminal_odd2,12,main,s_bouncygirl,sc_nichika,,false,,,,
20250111_sc_liminal_odd2,13,main,s_whitestory,sc_nichika,,false,,,,
20250111_sc_liminal_odd2,14,main,s_sc_1496och,sc_nichika,,false,,,,
20250111_sc_liminal_odd2,15,main,s_sc_1oqu3cy,sc_hana;sc_luca;sc_haruki;sc_nichika,,false,,,,
20250111_sc_liminal_odd2,16,main,s_sc_1sgesus,sc_hana;sc_luca;sc_haruki;sc_nichika,,false,,,,
20250111_sc_liminal_odd2,17,encore,s_sc_0u19aak,sc_luca,,false,,,,
20250111_sc_liminal_odd2,18,encore,s_headsortails,sc_hana;sc_luca;sc_haruki,,false,,,,
20250111_sc_liminal_odd2,19,encore,s_sc_0c6c46r,sc_hana;sc_luca;sc_haruki,,false,,,,
20250111_sc_liminal_odd2,20,encore,s_cmonjoinus,sc_hana;sc_haruki,,false,,,,
20250112_sc_liminal_or3,1,main,s_sc_0y2ypnq,sc_haruki,,false,,,,
20250112_sc_liminal_or3,2,main,s_sc_0aomxeh,sc_hana;sc_haruki;sc_luca,,false,,,,
20250112_sc_liminal_or3,3,main,s_sc_0o78e8e,sc_luca;sc_hana;sc_haruki,,false,,,,
20250112_sc_liminal_or3,4,main,s_sc_0q1u6wd,sc_haruki;sc_hana;sc_luca,,false,,,,
20250112_sc_liminal_or3,5,main,s_sc_1bm8d6a,sc_hana,,false,,,,
20250112_sc_liminal_or3,6,main,s_sc_1496och,sc_nichika,,false,,,,
20250112_sc_liminal_or3,7,main,s_flyandfly,sc_nichika,,false,,,,
20250112_sc_liminal_or3,8,main,s_bouncygirl,sc_nichika,,false,,,,
20250112_sc_liminal_or3,9,main,s_whitestory,sc_nichika,,false,,,,
20250112_sc_liminal_or3,10,main,s_shinystories,sc_luca;sc_nichika,,false,,,,
20250112_sc_liminal_or3,11,main,s_sc_0u19aak,sc_luca,,false,,,,
20250112_sc_liminal_or3,12,main,s_sc_15uvv4w,sc_hana;sc_haruki;sc_luca,,false,,,,
20250112_sc_liminal_or3,13,main,s_sc_0c6c46r,sc_hana;sc_luca;sc_haruki,,false,,,,
20250112_sc_liminal_or3,14,main,s_headsortails,sc_hana;sc_luca;sc_haruki,,false,,,,
20250112_sc_liminal_or3,15,main,s_sc_1sgesus,sc_hana;sc_luca;sc_haruki;sc_nichika;sc_mikoto,,false,,,,
20250112_sc_liminal_or3,16,encore,s_fashionable,sc_mikoto;sc_nichika,,false,,,,
20250112_sc_liminal_or3,17,encore,s_ohmygod,sc_nichika;sc_mikoto,,false,,,,
20250112_sc_liminal_or3,18,encore,s_happier,sc_nichika;sc_mikoto,,false,,,,
20250112_sc_liminal_or3,19,encore,s_lookuptothesky,sc_mikoto,,false,,,,
20250112_sc_liminal_or3,20,encore,s_sc_1oqu3cy,sc_hana;sc_luca;sc_haruki;sc_nichika;sc_mikoto,,false,,,,
20250112_sc_liminal_even4,1,main,s_sc_1bm8d6a,sc_hana,,false,,,,
20250112_sc_liminal_even4,2,main,s_sc_0aomxeh,sc_hana;sc_haruki;sc_luca,,false,,,,
20250112_sc_liminal_even4,3,main,s_sc_0o78e8e,sc_luca;sc_hana;sc_haruki,,false,,,,
20250112_sc_liminal_even4,4,main,s_sc_0q1u6wd,sc_haruki;sc_hana;sc_luca,,false,,,,
20250112_sc_liminal_even4,5,main,s_sc_0y2ypnq,sc_haruki,,false,,,,
20250112_sc_liminal_even4,6,main,s_lookuptothesky,sc_mikoto,,false,,,,
20250112_sc_liminal_even4,7,main,s_flyandfly,sc_nichika;sc_mikoto,,false,,,,
20250112_sc_liminal_even4,8,main,s_bouncygirl,sc_nichika;sc_mikoto,,false,,,,
20250112_sc_liminal_even4,9,main,s_whitestory,sc_nichika;sc_mikoto,,false,,,,
20250112_sc_liminal_even4,10,main,s_shinystories,sc_luca;sc_nichika,,false,,,,
20250112_sc_liminal_even4,11,main,s_sc_0u19aak,sc_luca,,false,,,,
20250112_sc_liminal_even4,12,main,s_sc_15uvv4w,sc_hana;sc_haruki;sc_luca,,false,,,,
20250112_sc_liminal_even4,13,main,s_sc_0c6c46r,sc_hana;sc_luca;sc_haruki,,false,,,,
20250112_sc_liminal_even4,14,main,s_headsortails,sc_hana;sc_luca;sc_haruki,,false,,,,
20250112_sc_liminal_even4,15,main,s_sc_1sgesus,sc_hana;sc_luca;sc_haruki;sc_nichika;sc_mikoto,,false,,,,
20250112_sc_liminal_even4,16,encore,s_fashionable,sc_mikoto;sc_nichika,,false,,,,
20250112_sc_liminal_even4,17,encore,s_ohmygod,sc_nichika;sc_mikoto,,false,,,,
20250112_sc_liminal_even4,18,encore,s_happier,sc_nichika;sc_mikoto,,false,,,,
20250112_sc_liminal_even4,19,encore,s_sc_1496och,sc_nichika,,false,,,,
20250112_sc_liminal_even4,20,encore,s_sc_1oqu3cy,sc_hana;sc_luca;sc_haruki;sc_nichika;sc_mikoto,,false,,,,
20250112_sc_liminal_even4,21,encore,s_sc_0vpew3y,sc_luca,,false,,,,
20250510_sc_uka_larva1,1,main,s_sc_0v867em,sc_hiori,,false,,,,
20250510_sc_uka_larva1,2,main,s_happyfunnylucky,sc_hiori;sc_mano;sc_megumi,,false,,,,
20250510_sc_uka_larva1,3,main,s_sc_11b982x,sc_hiori;sc_mano;sc_megumi,,false,,,,
20250510_sc_uka_larva1,4,main,s_wecangonow,sc_hiori;sc_mano;sc_megumi,,false,,,,
20250510_sc_uka_larva1,5,main,s_harebare,sc_megumi,,false,,,,
20250510_sc_uka_larva1,6,main,s_dyethesky,sc_hiori;sc_mano;sc_kaho;sc_megumi,,false,,,,
20250510_sc_uka_larva1,7,main,s_sc_0uqnxq6,sc_megumi;sc_kaho;sc_mano;sc_hiori,,false,,,,
20250510_sc_uka_larva1,8,main,s_planisphere,sc_mano;sc_kaho,,false,,,,
20250510_sc_uka_larva1,9,main,s_sc_0xk393y,sc_kaho,,false,,,,
20250510_sc_uka_larva1,10,main,s_sc_1fq19o8,sc_hiori;sc_mano;sc_megumi,,false,,,,
20250510_sc_uka_larva1,11,main,s_sc_0t2365z,sc_mano,,false,,,,
20250510_sc_uka_larva1,12,main,s_showeroflight,sc_megumi;sc_mano;sc_hiori,,false,,,,
20250510_sc_uka_larva1,13,main,s_sc_0evm8oa,sc_hiori;sc_mano;sc_megumi,,false,,,,
20250510_sc_uka_larva1,14,encore,s_shinystories,sc_mano,,false,,,,
20250510_sc_uka_larva1,15,encore,s_destination,sc_hiori;sc_mano;sc_megumi,,false,,,,
20250510_sc_uka_larva1,16,encore,s_sc_171awu2,sc_hiori;sc_mano;sc_megumi,,false,,,,
20250511_sc_uka_pupa2,1,main,s_sc_0t2365z,sc_mano,,false,,,,
20250511_sc_uka_pupa2,2,main,s_happyfunnylucky,sc_hiori;sc_mano;sc_megumi,,false,,,,
20250511_sc_uka_pupa2,3,main,s_sc_11b982x,sc_hiori;sc_mano;sc_megumi,,false,,,,
20250511_sc_uka_pupa2,4,main,s_sc_1fq19o8,sc_hiori;sc_mano;sc_megumi,,false,,,,
20250511_sc_uka_pupa2,5,main,s_sc_0v867em,sc_hiori,,false,,,,
20250511_sc_uka_pupa2,6,main,s_dyethesky,sc_hiori;sc_mano;sc_fuyuko;sc_megumi,,false,,,,
20250511_sc_uka_pupa2,7,main,s_links,sc_hiori;sc_mano;sc_megumi;sc_fuyuko,,false,,,,
20250511_sc_uka_pupa2,8,main,s_solarway,sc_megumi;sc_fuyuko,,false,,,,
20250511_sc_uka_pupa2,9,main,s_sos,sc_fuyuko,,false,,,,
20250511_sc_uka_pupa2,10,main,s_prisism,sc_hiori;sc_mano;sc_megumi,,false,,,,
20250511_sc_uka_pupa2,11,main,s_harebare,sc_megumi,,false,,,,
20250511_sc_uka_pupa2,12,main,s_showeroflight,sc_megumi;sc_mano;sc_hiori,,false,,,,
20250511_sc_uka_pupa2,13,main,s_brightestwhite,sc_hiori;sc_mano;sc_megumi,,false,,,,
20250511_sc_uka_pupa2,14,encore,s_sc_0m724cz,sc_megumi,,false,,,,
20250511_sc_uka_pupa2,15,encore,s_sc_0evm8oa,sc_hiori;sc_mano;sc_megumi,,false,,,,
20250511_sc_uka_pupa2,16,encore,s_sc_171awu2,sc_hiori;sc_mano;sc_megumi,,false,,,,
20250511_sc_uka_imago3,1,main,s_harebare,sc_megumi,,false,,,,
20250511_sc_uka_imago3,2,main,s_happyfunnylucky,sc_hiori;sc_mano;sc_megumi,,false,,,,
20250511_sc_uka_imago3,3,main,s_sc_11b982x,sc_hiori;sc_mano;sc_megumi,,false,,,,
20250511_sc_uka_imago3,4,main,s_prisism,sc_hiori;sc_mano;sc_megumi,,false,,,,
20250511_sc_uka_imago3,5,main,s_sc_0t2365z,sc_mano,,false,,,,
20250511_sc_uka_imago3,6,main,s_dyethesky,sc_hiori;sc_mano;sc_mamimi;sc_megumi,,false,,,,
20250511_sc_uka_imago3,7,main,s_sc_1qhkuyd,sc_hiori;sc_mano;sc_megumi;sc_mamimi,,false,,,,
20250511_sc_uka_imago3,8,main,s_sc_0ps1z5v,sc_hiori;sc_mamimi,,false,,,,
20250511_sc_uka_imago3,9,main,s_sc_0brba2m,sc_mamimi,,false,,,,
20250511_sc_uka_imago3,10,main,s_twinkleway,sc_hiori;sc_mano;sc_megumi,,false,,,,
20250511_sc_uka_imago3,11,main,s_sc_0v867em,sc_hiori,,false,,,,
20250511_sc_uka_imago3,12,main,s_showeroflight,sc_megumi;sc_mano;sc_hiori,,false,,,,
20250511_sc_uka_imago3,13,main,s_brightestwhite,sc_hiori;sc_mano;sc_megumi,,false,,,,
20250511_sc_uka_imago3,14,encore,s_sc_1aba7ay,sc_hiori,,false,,,,
20250511_sc_uka_imago3,15,encore,s_destination,sc_hiori;sc_mano;sc_megumi,,false,,,,
20250511_sc_uka_imago3,16,encore,s_sc_171awu2,sc_hiori;sc_mano;sc_megumi,,false,,,,
20250621_sc_7th_1q_d1,1,main,s_sc_0appxzf,sc_kiriko;sc_kogane;sc_mamimi;sc_yuika;sc_sakuya,,false,,,,
20250621_sc_7th_1q_d1,2,main,s_sc_16bid93,sc_mamimi;sc_kiriko;sc_kogane;sc_yuika;sc_sakuya,,false,,,,
20250621_sc_7th_1q_d1,3,main,s_sc_0brba2m,sc_mamimi,,false,,,,
20250621_sc_7th_1q_d1,4,main,s_sc_1sd510a,sc_yuika,,false,,,,
20250621_sc_7th_1q_d1,5,main,s_pioneerimpact,sc_nichika;sc_mikoto;sc_mamimi;sc_kiriko;sc_kogane;sc_yuika;sc_sakuya,,false,,,,
20250621_sc_7th_1q_d1,6,main,s_sweetestbite,sc_nichika;sc_mikoto,,false,,,,
20250621_sc_7th_1q_d1,7,main,s_snowflake,sc_nichika;sc_mikoto,,false,,,,
20250621_sc_7th_1q_d1,8,main,s_lookuptothesky,sc_mikoto,,false,,,,
20250621_sc_7th_1q_d1,9,main,s_sc_1vf48z5,sc_kiriko,,false,,,,
20250621_sc_7th_1q_d1,10,main,s_sc_1u1p5gf,sc_mamimi;sc_kiriko;sc_kogane;sc_yuika;sc_sakuya,,false,,,,
20250621_sc_7th_1q_d1,11,main,s_sc_1sk7n27,sc_mamimi;sc_kiriko;sc_kogane;sc_yuika;sc_sakuya,,false,,,,
20250621_sc_7th_1q_d1,12,main,s_sc_1496och,sc_nichika,,false,,,,
20250621_sc_7th_1q_d1,13,main,s_sc_1ak9pxk,sc_kogane,,false,,,,
20250621_sc_7th_1q_d1,14,main,s_sc_00ya6ej,sc_mamimi;sc_kiriko;sc_kogane;sc_yuika;sc_sakuya,,false,,,,
20250621_sc_7th_1q_d1,15,main,s_monochromatic,sc_nichika;sc_mikoto,,false,,,,
20250621_sc_7th_1q_d1,16,main,s_sc_16bid93,sc_nichika;sc_mikoto,,false,,,,
20250621_sc_7th_1q_d1,17,main,s_colordays,sc_nichika;sc_mikoto;sc_mamimi;sc_kiriko;sc_kogane;sc_yuika;sc_sakuya,,false,,,,
20250621_sc_7th_1q_d1,18,encore,s_breakchain,sc_nichika;sc_mikoto,,false,,,,
20250621_sc_7th_1q_d1,19,encore,s_sc_0o4gmgs,sc_sakuya,,false,,,,
20250621_sc_7th_1q_d1,20,encore,s_migratoryechoes,sc_mamimi;sc_kiriko;sc_kogane;sc_yuika;sc_sakuya;sc_nichika;sc_mikoto,,false,,,,
20250622_sc_7th_1q_d2,1,main,s_monochromatic,sc_nichika;sc_mikoto,,false,,,,
20250622_sc_7th_1q_d2,2,main,s_fashionable,sc_nichika;sc_mikoto,,false,,,,
20250622_sc_7th_1q_d2,3,main,s_lookuptothesky,sc_mikoto,,false,,,,
20250622_sc_7th_1q_d2,4,main,s_sc_0o4gmgs,sc_sakuya,,false,,,,
20250622_sc_7th_1q_d2,5,main,s_pioneerimpact,sc_nichika;sc_mikoto;sc_mamimi;sc_kiriko;sc_kogane;sc_yuika;sc_sakuya,,false,,,,
20250622_sc_7th_1q_d2,6,main,s_sc_1u1p5gf,sc_mamimi;sc_kiriko;sc_kogane;sc_yuika;sc_sakuya,,false,,,,
20250622_sc_7th_1q_d2,7,main,s_sc_1qhkuyd,sc_mamimi;sc_kiriko;sc_kogane;sc_yuika;sc_sakuya,,false,,,,
20250622_sc_7th_1q_d2,8,main,s_sc_0brba2m,sc_mamimi,,false,,,,
20250622_sc_7th_1q_d2,9,main,s_sc_1sd510a,sc_yuika,,false,,,,
20250622_sc_7th_1q_d2,10,main,s_snowflake,sc_nichika;sc_mikoto,,false,,,,
20250622_sc_7th_1q_d2,11,main,s_felice,sc_nichika;sc_mikoto,,false,,,,
20250622_sc_7th_1q_d2,12,main,s_sc_1ak9pxk,sc_kogane,,false,,,,
20250622_sc_7th_1q_d2,13,main,s_sc_1496och,sc_nichika,,false,,,,
20250622_sc_7th_1q_d2,14,main,s_breakchain,sc_nichika;sc_mikoto,,false,,,,
20250622_sc_7th_1q_d2,15,main,s_sc_0appxzf,sc_kiriko;sc_kogane;sc_mamimi;sc_yuika;sc_sakuya,,false,,,,
20250622_sc_7th_1q_d2,16,main,s_fashionable,sc_mamimi;sc_kiriko;sc_kogane;sc_yuika;sc_sakuya,,false,,,,
20250622_sc_7th_1q_d2,17,main,s_sc_057f771,sc_mamimi;sc_kiriko;sc_kogane;sc_yuika;sc_sakuya;sc_nichika;sc_mikoto,,false,,,,
20250622_sc_7th_1q_d2,18,encore,s_sc_1vf48z5,sc_kiriko,,false,,,,
20250622_sc_7th_1q_d2,19,encore,s_sc_00ya6ej,sc_mamimi;sc_kiriko;sc_kogane;sc_yuika;sc_sakuya,,false,,,,
20250622_sc_7th_1q_d2,20,encore,s_migratoryechoes,sc_nichika;sc_mikoto;sc_mamimi;sc_kiriko;sc_kogane;sc_yuika;sc_sakuya,,false,,,,
20250705_sc_7th_2q_d1,1,main,s_sc_0xk393y,sc_kaho,,false,,,,
20250705_sc_7th_2q_d1,2,main,s_sc_1glj4w1,sc_rinze;sc_kaho;sc_juri;sc_natsuha,,false,,,,
20250705_sc_7th_2q_d1,3,main,s_sos,sc_fuyuko,,false,,,,
20250705_sc_7th_2q_d1,4,main,s_sc_1145o1k,sc_fuyuko;sc_asahi;sc_mei;sc_rinze;sc_kaho;sc_juri;sc_natsuha,,false,,,,
20250705_sc_7th_2q_d1,5,main,s_sc_1nlk2j3,sc_rinze;sc_kaho;sc_juri;sc_natsuha,,false,,,,
20250705_sc_7th_2q_d1,6,main,s_goingmyway,sc_mei,,false,,,,
20250705_sc_7th_2q_d1,7,main,s_overdriveemotion,sc_fuyuko;sc_asahi;sc_mei,,false,,,,
20250705_sc_7th_2q_d1,8,main,s_livelivelive,sc_fuyuko;sc_asahi;sc_mei,,false,,,,
20250705_sc_7th_2q_d1,9,main,s_damascuscocktail,sc_natsuha,,false,,,,
20250705_sc_7th_2q_d1,10,main,s_sc_0kaskci,sc_rinze;sc_kaho;sc_juri;sc_natsuha,,false,,,,
20250705_sc_7th_2q_d1,11,main,s_sweetestbite,sc_fuyuko;sc_asahi;sc_mei,,false,,,,
20250705_sc_7th_2q_d1,12,main,s_sc_1mxqgka,sc_rinze,,false,,,,
20250705_sc_7th_2q_d1,13,main,s_sc_1wzv6vz,sc_rinze;sc_kaho;sc_juri;sc_natsuha,,false,,,,
20250705_sc_7th_2q_d1,14,main,s_sc_1kbsvie,sc_asahi,,false,,,,
20250705_sc_7th_2q_d1,15,main,s_cyberparkour,sc_fuyuko;sc_asahi;sc_mei,,false,,,,
20250705_sc_7th_2q_d1,16,main,s_sc_1glj4w1,sc_fuyuko;sc_asahi;sc_mei,,false,,,,
20250705_sc_7th_2q_d1,17,main,s_ambitiouseve,sc_rinze;sc_kaho;sc_juri;sc_natsuha;sc_fuyuko;sc_asahi;sc_mei,,false,,,,
20250705_sc_7th_2q_d1,18,encore,s_sc_0fwfhgf,sc_juri,,false,,,,
20250705_sc_7th_2q_d1,19,encore,s_getover,sc_fuyuko;sc_asahi;sc_mei,,false,,,,
20250705_sc_7th_2q_d1,20,encore,s_migratoryechoes,sc_fuyuko;sc_asahi;sc_mei;sc_rinze;sc_kaho;sc_juri;sc_natsuha,,false,,,,
20250706_sc_7th_2q_d2,1,main,s_goingmyway,sc_mei,,false,,,,
20250706_sc_7th_2q_d2,2,main,s_sc_0fwfhgf,sc_juri,,false,,,,
20250706_sc_7th_2q_d2,3,main,s_cyberparkour,sc_fuyuko;sc_asahi;sc_mei,,false,,,,
20250706_sc_7th_2q_d2,4,main,s_anotherrampage,sc_fuyuko;sc_asahi;sc_mei,,false,,,,
20250706_sc_7th_2q_d2,5,main,s_sc_1145o1k,sc_asahi;sc_chiyoko;sc_fuyuko;sc_rinze;sc_natsuha;sc_mei;sc_juri;sc_kaho,,false,,,,
20250706_sc_7th_2q_d2,6,main,s_sc_0w14yhf,sc_chiyoko,,false,,,,
20250706_sc_7th_2q_d2,7,main,s_sc_0bgtrvj,sc_kaho;sc_rinze;sc_chiyoko;sc_juri;sc_natsuha,,false,,,,
20250706_sc_7th_2q_d2,8,main,s_damascuscocktail,sc_natsuha,,false,,,,
20250706_sc_7th_2q_d2,9,main,s_sc_0kaskci,sc_rinze;sc_chiyoko;sc_kaho;sc_juri;sc_natsuha,,false,,,,
20250706_sc_7th_2q_d2,10,main,s_livelivelive,sc_fuyuko;sc_asahi;sc_mei,,false,,,,
20250706_sc_7th_2q_d2,11,main,s_sc_1qhkuyd,sc_rinze;sc_chiyoko;sc_kaho;sc_juri;sc_natsuha,,false,,,,
20250706_sc_7th_2q_d2,12,main,s_sc_0xk393y,sc_kaho,,false,,,,
20250706_sc_7th_2q_d2,13,main,s_sc_1mxqgka,sc_rinze,,false,,,,
20250706_sc_7th_2q_d2,14,main,s_getover,sc_fuyuko;sc_asahi;sc_mei,,false,,,,
20250706_sc_7th_2q_d2,15,main,s_sc_1kbsvie,sc_asahi,,false,,,,
20250706_sc_7th_2q_d2,16,main,s_sc_1wzv6vz,sc_rinze;sc_chiyoko;sc_kaho;sc_juri;sc_natsuha,,false,,,,
20250706_sc_7th_2q_d2,17,main,s_anotherrampage,sc_rinze;sc_chiyoko;sc_kaho;sc_juri;sc_natsuha,,false,,,,
20250706_sc_7th_2q_d2,18,main,s_sc_0evm8oa,sc_fuyuko;sc_asahi;sc_mei;sc_rinze;sc_chiyoko;sc_kaho;sc_juri;sc_natsuha,,false,,,,
20250706_sc_7th_2q_d2,19,encore,s_sc_1nlk2j3,sc_rinze;sc_chiyoko;sc_kaho;sc_juri;sc_natsuha,,false,,,,
20250706_sc_7th_2q_d2,20,encore,s_sos,sc_fuyuko,,false,,,,
20250706_sc_7th_2q_d2,21,encore,s_migratoryechoes,sc_rinze;sc_chiyoko;sc_kaho;sc_juri;sc_natsuha;sc_fuyuko;sc_asahi;sc_mei,,false,,,,
20250809_sc_7th_3q_d1,1,main,s_sc_0qeeu8q,sc_amana;sc_chiyuki;sc_tenka;sc_hana;sc_luca;sc_haruki,,false,,,,
20250809_sc_7th_3q_d1,2,main,s_daydreamlove,sc_amana;sc_chiyuki;sc_tenka,,false,,,,
20250809_sc_7th_3q_d1,3,main,s_darlingyou,sc_chiyuki,,false,,,,
20250809_sc_7th_3q_d1,4,main,s_sc_0aomxeh,sc_hana;sc_haruki;sc_luca,,false,,,,
20250809_sc_7th_3q_d1,5,main,s_cleancleanup,sc_luca;sc_hana;sc_haruki,,false,,,,
20250809_sc_7th_3q_d1,6,main,s_sc_1elkppn,sc_amana;sc_tenka;sc_chiyuki,,false,,,,
20250809_sc_7th_3q_d1,7,main,s_sweetmemories,sc_amana,,false,,,,
20250809_sc_7th_3q_d1,8,main,s_overdriveemotion,sc_hana;sc_luca;sc_haruki,,false,,,,
20250809_sc_7th_3q_d1,9,main,s_givemesomemore,sc_hana;sc_luca;sc_haruki,,false,,,,
20250809_sc_7th_3q_d1,10,main,s_sc_1bm8d6a,sc_hana,,false,,,,
20250809_sc_7th_3q_d1,11,main,s_sc_15uvv4w,sc_hana;sc_haruki;sc_luca,,false,,,,
20250809_sc_7th_3q_d1,12,main,s_sc_0k10uor,sc_tenka,,false,,,,
20250809_sc_7th_3q_d1,13,main,s_givemesomemore,sc_chiyuki;sc_amana;sc_tenka,,false,,,,
20250809_sc_7th_3q_d1,14,main,s_sc_0vpew3y,sc_luca,,false,,,,
20250809_sc_7th_3q_d1,15,main,s_sc_0haaeqn,sc_hana;sc_luca;sc_haruki,,false,,,,
20250809_sc_7th_3q_d1,16,main,s_sc_1oqu3cy,sc_amana;sc_chiyuki;sc_tenka;sc_hana;sc_luca;sc_haruki,,false,,,,
20250809_sc_7th_3q_d1,17,encore,s_sc_0y2ypnq,sc_haruki,,false,,,,
20250809_sc_7th_3q_d1,18,encore,s_sc_05vnzih,sc_amana;sc_chiyuki;sc_tenka,,false,,,,
20250809_sc_7th_3q_d1,19,encore,s_migratoryechoes,sc_amana;sc_chiyuki;sc_tenka;sc_hana;sc_luca;sc_haruki,,false,,,,
20250810_sc_7th_3q_d2,1,main,s_sc_0vpew3y,sc_luca,,false,,,,
20250810_sc_7th_3q_d2,2,main,s_sc_0qeeu8q,sc_amana;sc_chiyuki;sc_tenka;sc_hana;sc_luca;sc_haruki,,false,,,,
20250810_sc_7th_3q_d2,3,main,s_sc_0haaeqn,sc_hana;sc_luca;sc_haruki,,false,,,,
20250810_sc_7th_3q_d2,4,main,s_sc_0q1u6wd,sc_amana;sc_tenka;sc_chiyuki,,false,,,,
20250810_sc_7th_3q_d2,5,main,s_sc_1elkppn,sc_amana;sc_tenka;sc_chiyuki,,false,,,,
20250810_sc_7th_3q_d2,6,main,s_sc_15uvv4w,sc_hana;sc_haruki;sc_luca,,false,,,,
20250810_sc_7th_3q_d2,7,main,s_sc_0y2ypnq,sc_haruki,,false,,,,
20250810_sc_7th_3q_d2,8,main,s_daydreamlove,sc_amana;sc_chiyuki;sc_tenka,,false,,,,
20250810_sc_7th_3q_d2,9,main,s_sc_05vnzih,sc_amana;sc_chiyuki;sc_tenka,,false,,,,
20250810_sc_7th_3q_d2,10,main,s_sweetmemories,sc_amana,,false,,,,
20250810_sc_7th_3q_d2,11,main,s_sc_0bgtrvj,sc_amana;sc_chiyuki;sc_tenka,,false,,,,
20250810_sc_7th_3q_d2,12,main,s_cleancleanup,sc_luca;sc_hana;sc_haruki,,false,,,,
20250810_sc_7th_3q_d2,13,main,s_darlingyou,sc_chiyuki,,false,,,,
20250810_sc_7th_3q_d2,14,main,s_beautifulday,sc_amana;sc_chiyuki;sc_tenka,,false,,,,
20250810_sc_7th_3q_d2,15,main,s_sc_0k10uor,sc_tenka,,false,,,,
20250810_sc_7th_3q_d2,16,main,s_dyethesky,sc_hana;sc_luca;sc_haruki;sc_amana;sc_chiyuki;sc_tenka,,false,,,,
20250810_sc_7th_3q_d2,17,encore,s_sc_0q1u6wd,sc_haruki;sc_hana;sc_luca,,false,,,,
20250810_sc_7th_3q_d2,18,encore,s_sc_1bm8d6a,sc_hana,,false,,,,
20250810_sc_7th_3q_d2,19,encore,s_migratoryechoes,sc_hana;sc_luca;sc_haruki;sc_amana;sc_chiyuki;sc_tenka,,false,,,,
20250927_sc_7th_4q_d1,1,main,s_sc_02wsfyj,sc_hinana;sc_toru;sc_madoka;sc_koito,,false,,,,
20250927_sc_7th_4q_d1,2,main,s_starryplace,sc_megumi;sc_mano;sc_hiori,,false,,,,
20250927_sc_7th_4q_d1,3,main,s_365,sc_hinana;sc_toru;sc_madoka;sc_koito,,false,,,,
20250927_sc_7th_4q_d1,4,main,s_statice,sc_toru,,false,,,,
20250927_sc_7th_4q_d1,5,main,s_sc_0aomxeh,sc_hinana;sc_toru;sc_madoka;sc_koito,,false,,,,
20250927_sc_7th_4q_d1,6,main,s_sc_0t2365z,sc_mano,,false,,,,
20250927_sc_7th_4q_d1,7,main,s_sc_0v867em,sc_hiori,,false,,,,
20250927_sc_7th_4q_d1,8,main,s_felice,sc_mano;sc_hiori;sc_megumi,,false,,,,
20250927_sc_7th_4q_d1,9,main,s_swingit,sc_hinana;sc_toru;sc_madoka;sc_koito,,false,,,,
20250927_sc_7th_4q_d1,10,main,s_sparkle,sc_hinana;sc_toru;sc_hiori;sc_mano;sc_megumi;sc_madoka;sc_koito,,false,,,,
20250927_sc_7th_4q_d1,11,main,s_harebare,sc_megumi,,false,,,,
20250927_sc_7th_4q_d1,12,main,s_sc_02wsfyj,sc_hiori;sc_mano;sc_megumi,,false,,,,
20250927_sc_7th_4q_d1,13,main,s_sc_0yzfysq,sc_koito,,false,,,,
20250927_sc_7th_4q_d1,14,main,s_sc_130cccd,sc_hinana,,false,,,,
20250927_sc_7th_4q_d1,15,main,s_rewriting,sc_hiori;sc_mano;sc_megumi,,false,,,,
20250927_sc_7th_4q_d1,16,main,s_sc_1sgesus,sc_hiori;sc_megumi;sc_mano,,false,,,,
20250927_sc_7th_4q_d1,17,main,s_sc_1sgesus,sc_madoka;sc_koito;sc_hiori;sc_mano;sc_megumi;sc_hinana;sc_toru,,false,,,,
20250927_sc_7th_4q_d1,18,encore,s_sc_06nxycd,sc_madoka,,false,,,,
20250927_sc_7th_4q_d1,19,encore,s_sc_1qpimpw,sc_hinana;sc_toru;sc_madoka;sc_koito,,false,,,,
20250927_sc_7th_4q_d1,20,encore,s_migratoryechoes,sc_hinana;sc_toru;sc_madoka;sc_koito;sc_hiori;sc_mano;sc_megumi,,false,,,,
20250928_sc_7th_4q_d2,1,main,s_sc_0t2365z,sc_mano,,false,,,,
20250928_sc_7th_4q_d2,2,main,s_365,sc_hinana;sc_toru;sc_madoka;sc_koito,,false,,,,
20250928_sc_7th_4q_d2,3,main,s_sc_1ucp6k1,sc_madoka;sc_koito;sc_hinana;sc_toru,,false,,,,
20250928_sc_7th_4q_d2,4,main,s_statice,sc_toru,,false,,,,
20250928_sc_7th_4q_d2,5,main,s_harebare,sc_megumi,,false,,,,
20250928_sc_7th_4q_d2,6,main,s_sc_1sgesus,sc_hiori;sc_megumi;sc_mano,,false,,,,
20250928_sc_7th_4q_d2,7,main,s_beautifulday,sc_hiori;sc_mano;sc_megumi,,false,,,,
20250928_sc_7th_4q_d2,8,main,s_sc_0yzfysq,sc_koito,,false,,,,
20250928_sc_7th_4q_d2,9,main,s_sc_130cccd,sc_hinana,,false,,,,
20250928_sc_7th_4q_d2,10,main,s_swingit,sc_hinana;sc_toru;sc_madoka;sc_koito,,false,,,,
20250928_sc_7th_4q_d2,11,main,s_rewriting,sc_hiori;sc_mano;sc_megumi,,false,,,,
20250928_sc_7th_4q_d2,12,main,s_sc_06nxycd,sc_madoka,,false,,,,
20250928_sc_7th_4q_d2,13,main,s_sc_0v867em,sc_hiori,,false,,,,
20250928_sc_7th_4q_d2,14,main,s_sc_1qpimpw,sc_hinana;sc_toru;sc_madoka;sc_koito,,false,,,,
20250928_sc_7th_4q_d2,15,main,s_sc_1ucp6k1,sc_hiori;sc_mano;sc_megumi,,false,,,,
20250928_sc_7th_4q_d2,16,main,s_sparkle,sc_hinana;sc_toru;sc_hiori;sc_mano;sc_megumi;sc_madoka;sc_koito,,false,,,,
20250928_sc_7th_4q_d2,17,main,s_spreadthewings,sc_hinana;sc_hiori;sc_toru;sc_mano;sc_madoka;sc_megumi;sc_koito,,false,,,,
20250928_sc_7th_4q_d2,18,encore,s_sc_1sk7n27,sc_hinana;sc_toru;sc_madoka;sc_koito,,false,,,,
20250928_sc_7th_4q_d2,19,encore,s_starryplace,sc_megumi;sc_mano;sc_hiori,,false,,,,
20250928_sc_7th_4q_d2,20,encore,s_migratoryechoes,sc_hiori;sc_mano;sc_megumi;sc_hinana;sc_toru;sc_madoka;sc_koito,,false,,,,
20251025_sc_7th_spiral_d1,1,main,s_borderline_2,sc_mano;sc_hiori;sc_megumi;sc_kogane;sc_mamimi;sc_sakuya;sc_yuika;sc_kiriko;sc_kaho;sc_juri;sc_rinze;sc_natsuha;sc_amana;sc_tenka;sc_chiyuki;sc_asahi;sc_fuyuko;sc_mei;sc_toru;sc_madoka;sc_koito;sc_hinana;sc_nichika;sc_mikoto;sc_luca;sc_hana;sc_haruki,,false,,,,
20251025_sc_7th_spiral_d1,2,main,s_breakchain,sc_nichika;sc_mikoto,,false,,,,
20251025_sc_7th_spiral_d1,3,main,s_fashionable,sc_nichika;sc_mikoto,,false,,,,
20251025_sc_7th_spiral_d1,4,main,s_pioneerimpact,sc_nichika;sc_mikoto;sc_mamimi;sc_kiriko;sc_kogane;sc_yuika;sc_sakuya,,false,,,,
20251025_sc_7th_spiral_d1,5,main,s_sc_1ek8hzi,sc_mamimi;sc_kiriko;sc_kogane;sc_yuika;sc_sakuya,,false,,,,
20251025_sc_7th_spiral_d1,6,main,s_neotheoryfantasy,sc_mamimi;sc_kiriko;sc_kogane;sc_yuika;sc_sakuya,,false,,,,
20251025_sc_7th_spiral_d1,7,main,s_sc_1nlk2j3,sc_rinze;sc_kaho;sc_juri;sc_natsuha,,false,,,,
20251025_sc_7th_spiral_d1,8,main,s_sc_0x8ppja,sc_rinze;sc_kaho;sc_juri;sc_natsuha,,false,,,,
20251025_sc_7th_spiral_d1,9,main,s_sc_1145o1k,sc_asahi;sc_fuyuko;sc_rinze;sc_natsuha;sc_mei;sc_juri;sc_kaho,,false,,,,
20251025_sc_7th_spiral_d1,10,main,s_cyberparkour,sc_fuyuko;sc_asahi;sc_mei,,false,,,,
20251025_sc_7th_spiral_d1,11,main,s_realmindshakes,sc_fuyuko;sc_asahi;sc_mei,,false,,,,
20251025_sc_7th_spiral_d1,12,main,s_poisonberrydaughters,sc_kiriko;sc_chiyuki;sc_hinana;sc_nichika;sc_luca;sc_toru;sc_mamimi;sc_hana;sc_megumi,,false,,,,
20251025_sc_7th_spiral_d1,13,main,s_onestar,sc_fuyuko;sc_kaho;sc_mei,,false,,,,
20251025_sc_7th_spiral_d1,14,main,s_cmonjoinus,sc_yuika;sc_sakuya;sc_mikoto;sc_rinze;sc_juri;sc_amana;sc_tenka;sc_haruki;sc_mano;sc_madoka;sc_koito,,false,,,,
20251025_sc_7th_spiral_d1,15,main,s_openthenewworld,sc_natsuha;sc_kogane;sc_asahi;sc_hiori,,false,,,,
20251025_sc_7th_spiral_d1,16,main,s_daydreamlove,sc_amana;sc_chiyuki;sc_tenka,,false,,,,
20251025_sc_7th_spiral_d1,17,main,s_veryberrylove,sc_amana;sc_chiyuki;sc_tenka,,false,,,,
20251025_sc_7th_spiral_d1,18,main,s_sc_0qeeu8q,sc_amana;sc_chiyuki;sc_tenka;sc_hana;sc_luca;sc_haruki,,false,,,,
20251025_sc_7th_spiral_d1,19,main,s_sc_15uvv4w,sc_hana;sc_haruki;sc_luca,,false,,,,
20251025_sc_7th_spiral_d1,20,main,s_sc_0q1u6wd,sc_haruki;sc_hana;sc_luca,,false,,,,
20251025_sc_7th_spiral_d1,21,main,s_swingit,sc_hinana;sc_madoka;sc_koito;sc_toru,,false,,,,
20251025_sc_7th_spiral_d1,22,main,s_reflection,sc_toru;sc_madoka;sc_koito;sc_hinana,,false,,,,
20251025_sc_7th_spiral_d1,23,main,s_sparkle,sc_hinana;sc_koito;sc_hiori;sc_mano;sc_megumi;sc_toru;sc_madoka,,false,,,,
20251025_sc_7th_spiral_d1,24,main,s_felice,sc_hiori;sc_mano;sc_megumi,,false,,,,
20251025_sc_7th_spiral_d1,25,main,s_sc_171awu2,sc_hiori;sc_mano;sc_megumi,,false,,,,
20251025_sc_7th_spiral_d1,26,main,s_spreadthewings,sc_mano;sc_hiori;sc_megumi;sc_kogane;sc_mamimi;sc_sakuya;sc_yuika;sc_kiriko;sc_kaho;sc_juri;sc_rinze;sc_natsuha;sc_amana;sc_tenka;sc_chiyuki;sc_asahi;sc_fuyuko;sc_mei;sc_toru;sc_madoka;sc_koito;sc_hinana;sc_nichika;sc_mikoto;sc_luca;sc_hana;sc_haruki,,false,,,,
20251025_sc_7th_spiral_d1,27,encore,s_sc_0evm8oa,sc_mano;sc_hiori;sc_megumi;sc_kogane;sc_mamimi;sc_sakuya;sc_yuika;sc_kiriko;sc_kaho;sc_juri;sc_rinze;sc_natsuha;sc_amana;sc_tenka;sc_chiyuki;sc_asahi;sc_fuyuko;sc_mei;sc_toru;sc_madoka;sc_koito;sc_hinana;sc_nichika;sc_mikoto;sc_luca;sc_hana;sc_haruki,,false,,,,
20251025_sc_7th_spiral_d1,28,encore,s_migratoryechoes,sc_mano;sc_hiori;sc_megumi;sc_kogane;sc_mamimi;sc_sakuya;sc_yuika;sc_kiriko;sc_kaho;sc_juri;sc_rinze;sc_natsuha;sc_amana;sc_tenka;sc_chiyuki;sc_asahi;sc_fuyuko;sc_mei;sc_toru;sc_madoka;sc_koito;sc_hinana;sc_nichika;sc_mikoto;sc_luca;sc_hana;sc_haruki,,false,,,,
20251026_sc_7th_spiral_d2,1,main,s_borderline_2,sc_mano;sc_hiori;sc_megumi;sc_kogane;sc_mamimi;sc_sakuya;sc_yuika;sc_kiriko;sc_kaho;sc_chiyoko;sc_juri;sc_rinze;sc_natsuha;sc_amana;sc_tenka;sc_chiyuki;sc_asahi;sc_fuyuko;sc_mei;sc_toru;sc_madoka;sc_koito;sc_hinana;sc_nichika;sc_mikoto;sc_luca;sc_hana;sc_haruki,,false,,,,
20251026_sc_7th_spiral_d2,2,main,s_fashionable,sc_nichika;sc_mikoto,,false,,,,
20251026_sc_7th_spiral_d2,3,main,s_pioneerimpact,sc_nichika;sc_mikoto;sc_mamimi;sc_kiriko;sc_kogane;sc_yuika;sc_sakuya,,false,,,,
20251026_sc_7th_spiral_d2,4,main,s_sc_1ek8hzi,sc_mamimi;sc_kiriko;sc_kogane;sc_yuika;sc_sakuya,,false,,,,
20251026_sc_7th_spiral_d2,5,main,s_sc_0x8ppja,sc_rinze;sc_chiyoko;sc_kaho;sc_juri;sc_natsuha,,false,,,,
20251026_sc_7th_spiral_d2,6,main,s_sc_1145o1k,sc_asahi;sc_chiyoko;sc_fuyuko;sc_rinze;sc_natsuha;sc_mei;sc_juri;sc_kaho,,false,,,,
20251026_sc_7th_spiral_d2,7,main,s_cyberparkour,sc_fuyuko;sc_asahi;sc_mei,,false,,,,
20251026_sc_7th_spiral_d2,8,main,s_voyager,sc_fuyuko;sc_toru;sc_natsuha,,false,,,,
20251026_sc_7th_spiral_d2,9,main,s_secretutopia,sc_mano;sc_hiori;sc_megumi;sc_amana;sc_tenka;sc_chiyuki;sc_nichika;sc_mikoto,,false,,,,
20251026_sc_7th_spiral_d2,10,main,s_futuritysmile,sc_kiriko;sc_hana;sc_mamimi;sc_asahi;sc_yuika;sc_sakuya;sc_kogane;sc_mei,,false,,,,
20251026_sc_7th_spiral_d2,11,main,s_gotcha,sc_kaho;sc_chiyoko;sc_juri;sc_rinze;sc_madoka;sc_koito;sc_hinana;sc_luca;sc_haruki,,false,,,,
20251026_sc_7th_spiral_d2,12,main,s_veryberrylove,sc_amana;sc_chiyuki;sc_tenka,,false,,,,
20251026_sc_7th_spiral_d2,13,main,s_sc_0qeeu8q,sc_amana;sc_chiyuki;sc_tenka;sc_hana;sc_luca;sc_haruki,,false,,,,
20251026_sc_7th_spiral_d2,14,main,s_sc_15uvv4w,sc_hana;sc_haruki;sc_luca,,false,,,,
20251026_sc_7th_spiral_d2,15,main,s_reflection,sc_toru;sc_madoka;sc_koito;sc_hinana,,false,,,,
20251026_sc_7th_spiral_d2,16,main,s_sparkle,sc_hinana;sc_koito;sc_hiori;sc_mano;sc_megumi;sc_toru;sc_madoka,,false,,,,
20251026_sc_7th_spiral_d2,17,main,s_felice,sc_hiori;sc_mano;sc_megumi,,false,,,,
20251026_sc_7th_spiral_d2,18,main,s_thelastpride,sc_sakuya;sc_yuika;sc_kogane;sc_kiriko;sc_mamimi,,false,,,,
20251026_sc_7th_spiral_d2,19,main,s_forbiddenparadise,sc_nichika;sc_mikoto,,false,,,,
20251026_sc_7th_spiral_d2,20,main,s_sc_1dzxg2f,sc_rinze;sc_chiyoko;sc_kaho;sc_juri;sc_natsuha,,false,,,,
20251026_sc_7th_spiral_d2,21,main,s_anotherrampage,sc_fuyuko;sc_asahi;sc_mei,,false,,,,
20251026_sc_7th_spiral_d2,22,main,s_mellowmellow,sc_amana;sc_chiyuki;sc_tenka,,false,,,,
20251026_sc_7th_spiral_d2,23,main,s_headsortails,sc_hana;sc_luca;sc_haruki,,false,,,,
20251026_sc_7th_spiral_d2,24,main,s_sign,sc_toru;sc_hinana;sc_koito;sc_madoka,,false,,,,
20251026_sc_7th_spiral_d2,25,main,s_showeroflight,sc_megumi;sc_mano;sc_hiori,,false,,,,
20251026_sc_7th_spiral_d2,26,main,s_sc_057f771,sc_mano;sc_hiori;sc_megumi;sc_kogane;sc_mamimi;sc_sakuya;sc_yuika;sc_kiriko;sc_kaho;sc_chiyoko;sc_juri;sc_rinze;sc_natsuha;sc_amana;sc_tenka;sc_chiyuki;sc_asahi;sc_fuyuko;sc_mei;sc_toru;sc_madoka;sc_koito;sc_hinana;sc_nichika;sc_mikoto;sc_luca;sc_hana;sc_haruki,,false,,,,
20251026_sc_7th_spiral_d2,27,encore,s_resonance,sc_mano;sc_hiori;sc_megumi;sc_kogane;sc_mamimi;sc_sakuya;sc_yuika;sc_kiriko;sc_kaho;sc_chiyoko;sc_juri;sc_rinze;sc_natsuha;sc_amana;sc_tenka;sc_chiyuki;sc_asahi;sc_fuyuko;sc_mei;sc_toru;sc_madoka;sc_koito;sc_hinana;sc_nichika;sc_mikoto;sc_luca;sc_hana;sc_haruki,,false,,,,
20251026_sc_7th_spiral_d2,28,encore,s_migratoryechoes,sc_mano;sc_hiori;sc_megumi;sc_kogane;sc_mamimi;sc_sakuya;sc_yuika;sc_kiriko;sc_kaho;sc_chiyoko;sc_juri;sc_rinze;sc_natsuha;sc_amana;sc_tenka;sc_chiyuki;sc_asahi;sc_fuyuko;sc_mei;sc_toru;sc_madoka;sc_koito;sc_hinana;sc_nichika;sc_mikoto;sc_luca;sc_hana;sc_haruki,,false,,,,
20251227_sc_veil_abnegatio,1,main,s_bladeoftruth,sc_kogane;sc_sakuya;sc_mamimi;sc_yuika;sc_kiriko;sc_nichika;sc_mikoto;sc_luca;sc_hana;sc_haruki,,false,,,,
20251227_sc_veil_abnegatio,2,main,s_sc_1ek8hzi,sc_kogane;sc_sakuya;sc_mamimi;sc_yuika;sc_kiriko,,false,,,,
20251227_sc_veil_abnegatio,3,main,s_sc_0o4gmgs,sc_sakuya;sc_mamimi;sc_yuika,,false,,,,
20251227_sc_veil_abnegatio,4,main,s_sc_0c662d9,sc_mamimi;sc_yuika;sc_mikoto;sc_hana;sc_haruki,,false,,,,
20251227_sc_veil_abnegatio,5,main,s_sc_06zzyof,sc_kiriko;sc_kogane;sc_sakuya,,false,,,,
20251227_sc_veil_abnegatio,6,main,s_sc_16vhe7q,sc_kiriko;sc_mamimi,,false,,,,
20251227_sc_veil_abnegatio,7,main,s_sc_00mkocc,sc_kogane;sc_sakuya;sc_mamimi;sc_yuika;sc_kiriko;sc_nichika;sc_mikoto;sc_luca;sc_hana;sc_haruki,,false,,,,
20251227_sc_veil_abnegatio,8,main,s_sc_0csp6g4,sc_mamimi,,false,,,,
20251227_sc_veil_abnegatio,9,main,s_sc_1lgtm6w,sc_kiriko,,false,,,,
20251227_sc_veil_abnegatio,10,main,s_sc_1qhkuyd,sc_mamimi,,false,,,,
20251227_sc_veil_abnegatio,11,main,s_thelastpride,sc_kogane;sc_sakuya;sc_mamimi;sc_yuika;sc_kiriko;sc_nichika;sc_luca,,false,,,,
20251227_sc_veil_abnegatio,12,main,s_becomethebrave,sc_kogane;sc_sakuya;sc_mamimi;sc_yuika;sc_kiriko;sc_nichika;sc_mikoto;sc_luca;sc_hana;sc_haruki,,false,,,,
20251228_sc_veil_odium,1,main,s_bladeoftruth,sc_kogane;sc_sakuya;sc_mamimi;sc_yuika;sc_kiriko;sc_nichika;sc_mikoto;sc_luca;sc_hana;sc_haruki,,false,,,,
20251228_sc_veil_odium,2,main,s_sc_1ek8hzi,sc_kogane;sc_sakuya;sc_mamimi;sc_yuika;sc_kiriko,,false,,,,
20251228_sc_veil_odium,3,main,s_sc_0o4gmgs,sc_sakuya;sc_mamimi;sc_yuika,,false,,,,
20251228_sc_veil_odium,4,main,s_sc_0c662d9,sc_mamimi;sc_yuika;sc_mikoto;sc_hana;sc_haruki,,false,,,,
20251228_sc_veil_odium,5,main,s_sc_06zzyof,sc_kiriko;sc_kogane;sc_sakuya,,false,,,,
20251228_sc_veil_odium,6,main,s_abyssofconflict,sc_sakuya,,false,,,,
20251228_sc_veil_odium,7,main,s_sc_00mkocc,sc_kogane;sc_sakuya;sc_mamimi;sc_yuika;sc_kiriko;sc_nichika;sc_mikoto;sc_luca;sc_hana;sc_haruki,,false,,,,
20251228_sc_veil_odium,8,main,s_sc_0csp6g4,sc_mamimi,,false,,,,
20251228_sc_veil_odium,9,main,s_blackreverie,sc_sakuya,,false,,,,
20251228_sc_veil_odium,10,main,s_sc_1u1p5gf,sc_kogane,,false,,,,
20251228_sc_veil_odium,11,main,s_killermission,sc_kogane;sc_sakuya;sc_mamimi;sc_yuika;sc_kiriko;sc_nichika;sc_luca,,false,,,,
20251228_sc_veil_odium,12,main,s_becomethebrave,sc_kogane;sc_sakuya;sc_mamimi;sc_yuika;sc_kiriko;sc_nichika;sc_mikoto;sc_luca;sc_hana;sc_haruki,,false,,,,
20251228_sc_veil_cupiditas,1,main,s_bladeoftruth,sc_kogane;sc_sakuya;sc_mamimi;sc_yuika;sc_kiriko;sc_nichika;sc_mikoto;sc_luca;sc_hana;sc_haruki,,false,,,,
20251228_sc_veil_cupiditas,2,main,s_sc_1ek8hzi,sc_kogane;sc_sakuya;sc_mamimi;sc_yuika;sc_kiriko,,false,,,,
20251228_sc_veil_cupiditas,3,main,s_sc_0o4gmgs,sc_sakuya;sc_mamimi;sc_yuika,,false,,,,
20251228_sc_veil_cupiditas,4,main,s_sc_0c662d9,sc_mamimi;sc_yuika;sc_mikoto;sc_hana;sc_haruki,,false,,,,
20251228_sc_veil_cupiditas,5,main,s_sc_06zzyof,sc_kiriko;sc_kogane;sc_sakuya,,false,,,,
20251228_sc_veil_cupiditas,6,main,s_sc_00mkocc,sc_kogane;sc_sakuya;sc_mamimi;sc_yuika;sc_kiriko;sc_nichika;sc_mikoto;sc_luca;sc_hana;sc_haruki,,false,,,,
20251228_sc_veil_cupiditas,7,main,s_sc_0csp6g4,sc_mamimi,,false,,,,
20251228_sc_veil_cupiditas,8,main,s_onceuponasecret,sc_yuika,,false,,,,
20251228_sc_veil_cupiditas,9,main,s_sc_00ya6ej,sc_mamimi;sc_yuika,,false,,,,
20251228_sc_veil_cupiditas,10,main,s_migratoryechoes,sc_kogane;sc_sakuya;sc_mamimi;sc_yuika;sc_kiriko,,false,,,,
20251228_sc_veil_cupiditas,11,main,s_becomethebrave,sc_kogane;sc_sakuya;sc_mamimi;sc_yuika;sc_kiriko;sc_nichika;sc_mikoto;sc_luca;sc_hana;sc_haruki,,false,,,,
20251228_sc_veil_cupiditas,12,main,s_sc_18k6ewn,sc_kogane;sc_sakuya;sc_mamimi;sc_yuika;sc_kiriko,,false,,,,
20250322_valiv_1st_live,1,main,s_valiv_1wiblsj,valiv_cosmo;valiv_manaka;valiv_letora,,false,,,,
20250322_valiv_1st_live,2,main,s_breaker,valiv_letora,,false,,,,
20250322_valiv_1st_live,3,main,s_valiv_12u4gz7,valiv_letora,,false,,,,
20250322_valiv_1st_live,4,main,s_valiv_0qqqwye,valiv_letora,,false,,,,
20250322_valiv_1st_live,5,main,s_valiv_11o6t6t,valiv_cosmo,,false,,,,
20250322_valiv_1st_live,6,main,s_valiv_0t8ch6a,valiv_cosmo,,false,,,,
20250322_valiv_1st_live,7,main,s_scarletrose,valiv_cosmo,,false,,,,
20250322_valiv_1st_live,8,main,s_valiv_1qvfugv,valiv_manaka,,false,,,,
20250322_valiv_1st_live,9,main,s_valiv_15xz8sc,valiv_manaka,,false,,,,
20250322_valiv_1st_live,10,main,s_valiv_1148axe,valiv_manaka,,false,,,,
20250322_valiv_1st_live,11,main,s_valiv_0ong9jp,valiv_cosmo;valiv_manaka;valiv_letora,,false,,,,
20250322_valiv_1st_live,12,main,s_valiv_0stcdcp,valiv_cosmo;valiv_manaka;valiv_letora,,false,,,,
20250322_valiv_1st_live,13,main,s_shininmagic,valiv_manaka;valiv_cosmo,,false,,,,
20250322_valiv_1st_live,14,main,s_syncmylights,valiv_manaka;valiv_letora,,false,,,,
20250322_valiv_1st_live,15,main,s_angeldream,valiv_letora;valiv_cosmo,,false,,,,
20250322_valiv_1st_live,16,main,s_howlingovertheworld,valiv_cosmo;valiv_manaka;valiv_letora,,false,,,,
20250322_valiv_1st_live,17,main,s_fieldonme,valiv_cosmo;valiv_manaka;valiv_letora,,false,,,,
20250322_valiv_1st_live,18,main,s_shootingstar,valiv_cosmo;valiv_letora;valiv_manaka,,false,,,,
20250322_valiv_1st_live,19,main,s_dyebadday,valiv_manaka;valiv_letora;valiv_cosmo,,false,,,,
20250322_valiv_1st_live,20,encore,s_reloading,valiv_cosmo;valiv_manaka;valiv_letora,,false,,,,
20250322_valiv_1st_live,21,encore,s_valiv_03u49hm,valiv_cosmo;valiv_manaka;valiv_letora,,false,,,,
20250517_sm_fancom_cor_day,1,main,s_sm_0fm40fl,sm_naoto;sm_shiro;sm_kanon,,false,,,,
20250517_sm_fancom_cor_day,2,main,s_plus1goodday,sm_hideo;sm_ryu;sm_seiji,,false,,,,
20250517_sm_fancom_cor_day,3,main,s_beyondthedream,sm_hideo;sm_ryu;sm_seiji;sm_naoto;sm_shiro;sm_kanon,,false,,,,
20250517_sm_fancom_cor_day,4,main,s_ticktackvoice,sm_seiji,,false,,,,
20250517_sm_fancom_cor_day,5,main,s_sm_0calc4g,sm_shiro,,false,,,,
20250517_sm_fancom_cor_day,6,main,s_sm_1pp28bk,sm_hideo,,false,,,,
20250517_sm_fancom_cor_day,7,main,s_sm_00ewspj,sm_naoto,,false,,,,
20250517_sm_fancom_cor_day,8,main,s_sparklesign,sm_ryu,,false,,,,
20250517_sm_fancom_cor_day,9,main,s_sm_109nver,sm_kanon,,false,,,,
20250517_sm_fancom_cor_day,10,main,s_sm_0d62or5,sm_naoto;sm_shiro;sm_kanon,,false,,,,
20250517_sm_fancom_cor_day,11,main,s_sm_17x77gv,sm_hideo;sm_ryu;sm_seiji,,false,,,,
20250517_sm_fancom_cor_day,12,main,s_sm_0hnjg57,sm_hideo;sm_ryu;sm_seiji,,false,,,,
20250517_sm_fancom_cor_day,13,main,s_sm_0yqyke8,sm_naoto;sm_shiro;sm_kanon,,false,,,,
20250517_sm_fancom_cor_day,14,main,s_sm_1oxh658,sm_hideo;sm_ryu;sm_seiji;sm_naoto;sm_shiro;sm_kanon,,false,,,,
20250517_sm_fancom_cor_day,15,encore,s_drivealive,sm_hideo;sm_ryu;sm_seiji;sm_naoto;sm_shiro;sm_kanon,,false,,,,
20250517_sm_fancom_cor_night,1,main,s_sm_0zf4f4d,sm_hideo;sm_ryu;sm_seiji,,false,,,,
20250517_sm_fancom_cor_night,2,main,s_sm_0h2qotw,sm_naoto;sm_shiro;sm_kanon,,false,,,,
20250517_sm_fancom_cor_night,3,main,s_beyondthedream,sm_hideo;sm_ryu;sm_seiji;sm_naoto;sm_shiro;sm_kanon,,false,,,,
20250517_sm_fancom_cor_night,4,main,s_ticktackvoice,sm_seiji,,false,,,,
20250517_sm_fancom_cor_night,5,main,s_sm_0calc4g,sm_shiro,,false,,,,
20250517_sm_fancom_cor_night,6,main,s_sm_1pp28bk,sm_hideo,,false,,,,
20250517_sm_fancom_cor_night,7,main,s_sm_00ewspj,sm_naoto,,false,,,,
20250517_sm_fancom_cor_night,8,main,s_sparklesign,sm_ryu,,false,,,,
20250517_sm_fancom_cor_night,9,main,s_sm_109nver,sm_kanon,,false,,,,
20250517_sm_fancom_cor_night,10,main,s_swingyourleaves,sm_hideo;sm_ryu;sm_seiji,,false,,,,
20250517_sm_fancom_cor_night,11,main,s_sm_0yqyke8,sm_naoto;sm_shiro;sm_kanon,,false,,,,
20250517_sm_fancom_cor_night,12,main,s_sm_1csqbt5,sm_naoto;sm_shiro;sm_kanon,,false,,,,
20250517_sm_fancom_cor_night,13,main,s_sm_17x77gv,sm_hideo;sm_ryu;sm_seiji,,false,,,,
20250517_sm_fancom_cor_night,14,main,s_sm_1oxh658,sm_hideo;sm_ryu;sm_seiji;sm_naoto;sm_shiro;sm_kanon,,false,,,,
20250517_sm_fancom_cor_night,15,encore,s_drivealive,sm_hideo;sm_ryu;sm_seiji;sm_naoto;sm_shiro;sm_kanon,,false,,,,
20250518_sm_fancom_atozt_day,1,main,s_brandnewfield,sm_touma;sm_shota;sm_hokuto,,false,,,,
20250518_sm_fancom_atozt_day,2,main,s_madein,sm_ryo;sm_daigo;sm_kazuki,,false,,,,
20250518_sm_fancom_atozt_day,3,main,s_beyondthedream,sm_touma;sm_shota;sm_hokuto;sm_ryo;sm_daigo;sm_kazuki,,false,,,,
20250518_sm_fancom_atozt_day,4,main,s_sashofsmile,sm_daigo,,false,,,,
20250518_sm_fancom_atozt_day,5,main,s_greetingcharm,sm_shota,,false,,,,
20250518_sm_fancom_atozt_day,6,main,s_sm_1qxqg2x,sm_kazuki,,false,,,,
20250518_sm_fancom_atozt_day,7,main,s_congrazia,sm_hokuto,,false,,,,
20250518_sm_fancom_atozt_day,8,main,s_yellsong,sm_ryo,,false,,,,
20250518_sm_fancom_atozt_day,9,main,s_tomorrowgazer,sm_touma,,false,,,,
20250518_sm_fancom_atozt_day,10,main,s_gloriamoment,sm_touma;sm_shota;sm_hokuto,,false,,,,
20250518_sm_fancom_atozt_day,11,main,s_radiantletter,sm_ryo;sm_daigo;sm_kazuki,,false,,,,
20250518_sm_fancom_atozt_day,12,main,s_voyager,sm_ryo;sm_daigo;sm_kazuki,,false,,,,
20250518_sm_fancom_atozt_day,13,main,s_cupids,sm_touma;sm_shota;sm_hokuto,,false,,,,
20250518_sm_fancom_atozt_day,14,main,s_grandnewuniverse,sm_touma;sm_shota;sm_hokuto;sm_ryo;sm_daigo;sm_kazuki,,false,,,,
20250518_sm_fancom_atozt_day,15,encore,s_drivealive,sm_touma;sm_shota;sm_hokuto;sm_ryo;sm_daigo;sm_kazuki,,false,,,,
20250518_sm_fancom_atozt_night,1,main,s_casually,sm_ryo;sm_daigo;sm_kazuki,,false,,,,
20250518_sm_fancom_atozt_night,2,main,s_spacyparadise,sm_touma;sm_shota;sm_hokuto,,false,,,,
20250518_sm_fancom_atozt_night,3,main,s_beyondthedream,sm_touma;sm_shota;sm_hokuto;sm_ryo;sm_daigo;sm_kazuki,,false,,,,
20250518_sm_fancom_atozt_night,4,main,s_sashofsmile,sm_daigo,,false,,,,
20250518_sm_fancom_atozt_night,5,main,s_greetingcharm,sm_shota,,false,,,,
20250518_sm_fancom_atozt_night,6,main,s_sm_1qxqg2x,sm_kazuki,,false,,,,
20250518_sm_fancom_atozt_night,7,main,s_congrazia,sm_hokuto,,false,,,,
20250518_sm_fancom_atozt_night,8,main,s_yellsong,sm_ryo,,false,,,,
20250518_sm_fancom_atozt_night,9,main,s_tomorrowgazer,sm_touma,,false,,,,
20250518_sm_fancom_atozt_night,10,main,s_fantasticdiscotheque,sm_ryo;sm_daigo;sm_kazuki,,false,,,,
20250518_sm_fancom_atozt_night,11,main,s_cupids,sm_touma;sm_shota;sm_hokuto,,false,,,,
20250518_sm_fancom_atozt_night,12,main,s_innerdignity,sm_touma;sm_shota;sm_hokuto,,false,,,,
20250518_sm_fancom_atozt_night,13,main,s_radiantletter,sm_ryo;sm_daigo;sm_kazuki,,false,,,,
20250518_sm_fancom_atozt_night,14,main,s_grandnewuniverse,sm_touma;sm_shota;sm_hokuto;sm_ryo;sm_daigo;sm_kazuki,,false,,,,
20250518_sm_fancom_atozt_night,15,encore,s_drivealive,sm_touma;sm_shota;sm_hokuto;sm_ryo;sm_daigo;sm_kazuki,,false,,,,
20250208_sm_10th_meeting_osaka_d1,1,main,s_gatherround,sm_suzaku;sm_yukihiro;sm_mao;sm_shiro;sm_kazuki;sm_amehiko;sm_momondo,,false,,,,
20250208_sm_10th_meeting_osaka_d1,2,main,s_beyondthedream,sm_hokuto;sm_rei;sm_minori;sm_yusuke;sm_seiji;sm_shoma;sm_kuro;sm_shun,,false,,,,
20250208_sm_10th_meeting_osaka_d1,3,main,s_drivealive,sm_hokuto;sm_rei;sm_minori;sm_yusuke;sm_seiji;sm_shoma;sm_kuro;sm_shun;sm_suzaku;sm_yukihiro;sm_mao;sm_shiro;sm_kazuki;sm_amehiko;sm_momondo,,false,,,,
20250209_sm_10th_meeting_osaka_d2_day,1,main,s_takeastump,sm_rei;sm_hideo;sm_kuro;sm_shun;sm_natsuki;sm_suzaku;sm_saki,,false,,,,
20250209_sm_10th_meeting_osaka_d2_day,2,main,s_handsclaps,sm_naoto;sm_michio;sm_jiro;sm_takeru;sm_daigo;sm_sora;sm_shu,,false,,,,
20250209_sm_10th_meeting_osaka_d2_day,3,main,s_drivealive,sm_rei;sm_hideo;sm_kuro;sm_shun;sm_natsuki;sm_suzaku;sm_saki;sm_naoto;sm_michio;sm_jiro;sm_takeru;sm_daigo;sm_sora;sm_shu,,false,,,,
20250209_sm_10th_meeting_osaka_d2_night,1,main,s_takeastump,sm_naoto;sm_michio;sm_jiro;sm_takeru;sm_daigo;sm_sora;sm_shu,,false,,,,
20250209_sm_10th_meeting_osaka_d2_night,2,main,s_pridestar,sm_rei;sm_hideo;sm_kuro;sm_shun;sm_natsuki;sm_suzaku;sm_saki;sm_soichiro,,false,,,,
20250209_sm_10th_meeting_osaka_d2_night,3,main,s_drivealive,sm_rei;sm_hideo;sm_kuro;sm_shun;sm_natsuki;sm_suzaku;sm_saki;sm_soichiro;sm_naoto;sm_michio;sm_jiro;sm_takeru;sm_daigo;sm_sora;sm_shu,,false,,,,
20250315_sm_10th_meeting_maku_d1,1,main,s_lifessidemenu,sm_touma;sm_ryu;sm_aslan;sm_shiro;sm_ren;sm_daigo,,false,,,,
20250315_sm_10th_meeting_maku_d1,2,main,s_rainymemories,sm_natsuki;sm_kazuki;sm_amehiko,,false,,,,
20250315_sm_10th_meeting_maku_d1,3,main,s_sm_00sk9cz,sm_rei;sm_kyosuke;sm_hideo,,false,,,,
20250315_sm_10th_meeting_maku_d1,4,main,s_sm_14bvy0k,sm_shoma;sm_yukihiro;sm_mao;sm_rui;sm_ryo;sm_momondo,,false,,,,
20250315_sm_10th_meeting_maku_d1,5,main,s_viva_2,sm_touma;sm_rei;sm_natsuki;sm_ren;sm_kazuki,,false,,,,
20250315_sm_10th_meeting_maku_d1,6,main,s_betyourintuition,sm_kyosuke;sm_mao;sm_shiro;sm_ryo;sm_daigo;sm_momondo,,false,,,,
20250315_sm_10th_meeting_maku_d1,7,main,s_sm_1jxhmcc,sm_hideo;sm_ryu;sm_shoma;sm_yukihiro;sm_aslan;sm_rui;sm_amehiko,,false,,,,
20250315_sm_10th_meeting_maku_d1,8,main,s_drivealive,sm_touma;sm_rei;sm_kyosuke;sm_hideo;sm_ryu;sm_shoma;sm_natsuki;sm_yukihiro;sm_aslan;sm_mao;sm_shiro;sm_rui;sm_ren;sm_ryo;sm_daigo;sm_kazuki;sm_amehiko;sm_momondo,,false,,,,
20250316_sm_10th_meeting_maku_d2,1,main,s_sm_047up1w,sm_kei;sm_pierre;sm_yusuke;sm_seiji;sm_kuro;sm_haruna;sm_sora,,false,,,,
20250316_sm_10th_meeting_maku_d2,2,main,s_sm_0z6kyn5,sm_hayato;sm_saki;sm_michiru,,false,,,,
20250316_sm_10th_meeting_maku_d2,3,main,s_baileapasionado,sm_minori;sm_suzaku;sm_takeru;sm_eishin,,false,,,,
20250316_sm_10th_meeting_maku_d2,4,main,s_platinummask,sm_hokuto;sm_shun;sm_soichiro;sm_naoto;sm_shu,,false,,,,
20250316_sm_10th_meeting_maku_d2,5,main,s_danceintheschool,sm_pierre;sm_shun;sm_haruna;sm_suzaku;sm_takeru;sm_shu;sm_eishin,,false,,,,
20250316_sm_10th_meeting_maku_d2,6,main,s_sm_0iwgeyd,sm_hokuto;sm_kei;sm_minori;sm_seiji;sm_soichiro;sm_michiru,,false,,,,
20250316_sm_10th_meeting_maku_d2,7,main,s_fantasticdiscotheque,sm_yusuke;sm_kuro;sm_hayato;sm_saki;sm_naoto;sm_sora,,false,,,,
20250316_sm_10th_meeting_maku_d2,8,main,s_drivealive,sm_hokuto;sm_kei;sm_pierre;sm_minori;sm_yusuke;sm_seiji;sm_kuro;sm_hayato;sm_shun;sm_haruna;sm_suzaku;sm_soichiro;sm_saki;sm_naoto;sm_takeru;sm_michiru;sm_sora;sm_shu;sm_eishin,,false,,,,
20250712_sm_10th_stage_d1,1,main,s_starlightcelebrate,sm_teru;sm_kaoru;sm_tsubasa,,false,,,,
20250712_sm_10th_stage_d1,2,main,s_sm_16jihsx,sm_kyoji;sm_pierre;sm_minori,,false,,,,
20250712_sm_10th_stage_d1,3,main,s_highjumpnolimit,sm_hayato;sm_shun;sm_natsuki;sm_haruna;sm_shiki,,false,,,,
20250712_sm_10th_stage_d1,4,main,s_victorybeliever,sm_yusuke;sm_kyosuke,,false,,,,
20250712_sm_10th_stage_d1,5,main,s_sm_0uh6i24,sm_kirio;sm_shoma;sm_kuro,,false,,,,
20250712_sm_10th_stage_d1,6,main,s_sm_0zf4f4d,sm_hideo;sm_ryu;sm_seiji,,false,,,,
20250712_sm_10th_stage_d1,7,main,s_voyager,sm_ryo;sm_daigo;sm_kazuki,,false,,,,
20250712_sm_10th_stage_d1,8,main,s_weretheone,sm_shu;sm_momondo;sm_eishin,,false,,,,
20250712_sm_10th_stage_d1,9,main,s_drivealive,sm_teru;sm_kaoru;sm_tsubasa;sm_kyoji;sm_pierre;sm_minori;sm_yusuke;sm_kyosuke;sm_hideo;sm_ryu;sm_seiji;sm_kirio;sm_shoma;sm_kuro;sm_hayato;sm_shun;sm_natsuki;sm_haruna;sm_shiki;sm_ryo;sm_daigo;sm_kazuki;sm_shu;sm_momondo;sm_eishin,,false,,,,
20250712_sm_10th_stage_d1,10,main,s_joker_2,sm_hayato;sm_shun;sm_natsuki;sm_haruna;sm_shiki,,false,,,,
20250712_sm_10th_stage_d1,11,main,s_moonnight,sm_teru;sm_kaoru;sm_tsubasa,,false,,,,
20250712_sm_10th_stage_d1,12,main,s_tomorrowdiamond,sm_kyoji;sm_pierre;sm_minori,,false,,,,
20250712_sm_10th_stage_d1,13,main,s_swingyourleaves,sm_hideo;sm_ryu;sm_seiji,,false,,,,
20250712_sm_10th_stage_d1,14,main,s_cupids,sm_ryo;sm_daigo;sm_kazuki,,false,,,,
20250712_sm_10th_stage_d1,15,main,s_sunnydayperfectday,sm_shu;sm_momondo;sm_eishin,,false,,,,
20250712_sm_10th_stage_d1,16,main,s_leadingyourdream,sm_yusuke;sm_kyosuke,,false,,,,
20250712_sm_10th_stage_d1,17,main,s_sm_0z6kyn5,sm_kirio;sm_shoma;sm_kuro,,false,,,,
20250712_sm_10th_stage_d1,18,main,s_funfunfesta,sm_kyoji;sm_pierre;sm_minori,,false,,,,
20250712_sm_10th_stage_d1,19,main,s_sm_047up1w,sm_shu;sm_momondo;sm_eishin,,false,,,,
20250712_sm_10th_stage_d1,20,main,s_sm_0yqyke8,sm_hideo;sm_ryu;sm_seiji,,false,,,,
20250712_sm_10th_stage_d1,21,main,s_playforfuntasy,sm_yusuke;sm_kyosuke,,false,,,,
20250712_sm_10th_stage_d1,22,main,s_dramaticnonfiction,sm_teru;sm_kaoru;sm_tsubasa,,false,,,,
20250712_sm_10th_stage_d1,23,main,s_sm_1eth4io,sm_kirio;sm_shoma;sm_kuro,,false,,,,
20250712_sm_10th_stage_d1,24,main,s_joyfulheartmaker,sm_hayato;sm_shun;sm_natsuki;sm_haruna;sm_shiki,,false,,,,
20250712_sm_10th_stage_d1,25,main,s_fantasticdiscotheque,sm_ryo;sm_daigo;sm_kazuki,,false,,,,
20250712_sm_10th_stage_d1,26,main,s_pridestar,sm_teru;sm_kaoru;sm_tsubasa;sm_kyoji;sm_pierre;sm_minori;sm_yusuke;sm_kyosuke;sm_hideo;sm_ryu;sm_seiji;sm_kirio;sm_shoma;sm_kuro;sm_hayato;sm_shun;sm_natsuki;sm_haruna;sm_shiki;sm_ryo;sm_daigo;sm_kazuki;sm_shu;sm_momondo;sm_eishin,,false,,,,
20250712_sm_10th_stage_d1,27,main,s_trustmenow,sm_shu;sm_momondo;sm_eishin,,false,,,,
20250712_sm_10th_stage_d1,28,main,s_notalone,sm_shu;sm_momondo;sm_eishin,,false,,,,
20250712_sm_10th_stage_d1,29,main,s_facetheworld,sm_shu;sm_momondo;sm_eishin,,false,,,,
20250712_sm_10th_stage_d1,30,main,s_plus1goodday,sm_hideo;sm_ryu;sm_seiji,,false,,,,
20250712_sm_10th_stage_d1,31,main,s_sm_1coxlo6,sm_hideo;sm_ryu;sm_seiji,,false,,,,
20250712_sm_10th_stage_d1,32,main,s_sm_0hnjg57,sm_hideo;sm_ryu;sm_seiji,,false,,,,
20250712_sm_10th_stage_d1,33,main,s_missionis,sm_hideo;sm_ryu;sm_seiji,,false,,,,
20250712_sm_10th_stage_d1,34,main,s_yellofdelight,sm_yusuke;sm_kyosuke,,false,,,,
20250712_sm_10th_stage_d1,35,main,s_feeeelgooood,sm_yusuke;sm_kyosuke,,false,,,,
20250712_sm_10th_stage_d1,36,main,s_viva_2,sm_yusuke;sm_kyosuke,,false,,,,
20250712_sm_10th_stage_d1,37,main,s_greatsympathy,sm_yusuke;sm_kyosuke,,false,,,,
20250712_sm_10th_stage_d1,38,main,s_sobeautiful,sm_kirio;sm_shoma;sm_kuro,,false,,,,
20250712_sm_10th_stage_d1,39,main,s_sm_0hdn3zk,sm_kirio;sm_shoma;sm_kuro,,false,,,,
20250712_sm_10th_stage_d1,40,main,s_sm_02clr03,sm_kirio;sm_shoma;sm_kuro,,false,,,,
20250712_sm_10th_stage_d1,41,main,s_sm_0s0kko9,sm_kirio;sm_shoma;sm_kuro,,false,,,,
20250712_sm_10th_stage_d1,42,main,s_casually,sm_ryo;sm_daigo;sm_kazuki,,false,,,,
20250712_sm_10th_stage_d1,43,main,s_madein,sm_ryo;sm_daigo;sm_kazuki,,false,,,,
20250712_sm_10th_stage_d1,44,main,s_sm_1vc20m6,sm_ryo;sm_daigo;sm_kazuki,,false,,,,
20250712_sm_10th_stage_d1,45,main,s_wavingflags,sm_ryo;sm_daigo;sm_kazuki,,false,,,,
20250712_sm_10th_stage_d1,46,main,s_sm_0fpuf8f,sm_teru;sm_kaoru;sm_tsubasa,,false,,,,
20250712_sm_10th_stage_d1,47,main,s_delightexcursion,sm_teru;sm_kaoru;sm_tsubasa,,false,,,,
20250712_sm_10th_stage_d1,48,main,s_sm_1s1hvwg,sm_teru;sm_kaoru;sm_tsubasa,,false,,,,
20250712_sm_10th_stage_d1,49,main,s_arrivetostar,sm_teru;sm_kaoru;sm_tsubasa,,false,,,,
20250712_sm_10th_stage_d1,50,main,s_starrytune,sm_hayato;sm_shun;sm_natsuki;sm_haruna;sm_shiki,,false,,,,
20250712_sm_10th_stage_d1,51,main,s_mixxxxxed,sm_hayato;sm_shun;sm_natsuki;sm_haruna;sm_shiki,,false,,,,
20250712_sm_10th_stage_d1,52,main,s_smilesinwonderland,sm_hayato;sm_shun;sm_natsuki;sm_haruna;sm_shiki,,false,,,,
20250712_sm_10th_stage_d1,53,main,s_oursong,sm_hayato;sm_shun;sm_natsuki;sm_haruna;sm_shiki,,false,,,,
20250712_sm_10th_stage_d1,54,main,s_avenueillusion,sm_kyoji;sm_pierre;sm_minori,,false,,,,
20250712_sm_10th_stage_d1,55,main,s_secretornament,sm_kyoji;sm_pierre;sm_minori,,false,,,,
20250712_sm_10th_stage_d1,56,main,s_sm_1z11e2m,sm_kyoji;sm_pierre;sm_minori,,false,,,,
20250712_sm_10th_stage_d1,57,main,s_bestwishes,sm_kyoji;sm_pierre;sm_minori,,false,,,,
20250712_sm_10th_stage_d1,58,main,s_entertainments,sm_kirio;sm_shoma;sm_kuro,,false,,,,
20250712_sm_10th_stage_d1,59,main,s_superkickrap,sm_yusuke;sm_kyosuke,,false,,,,
20250712_sm_10th_stage_d1,60,main,s_ultimateflame,sm_hideo;sm_ryu;sm_seiji,,false,,,,
20250712_sm_10th_stage_d1,61,main,s_theradicaljoker,sm_hayato;sm_shun;sm_natsuki;sm_haruna;sm_shiki,,false,,,,
20250712_sm_10th_stage_d1,62,main,s_brightsunnyday,sm_ryo;sm_daigo;sm_kazuki,,false,,,,
20250712_sm_10th_stage_d1,63,main,s_magicofprincess,sm_kyoji;sm_pierre;sm_minori,,false,,,,
20250712_sm_10th_stage_d1,64,main,s_wellfindaway,sm_shu;sm_momondo;sm_eishin,,false,,,,
20250712_sm_10th_stage_d1,65,main,s_staroverstar,sm_teru;sm_kaoru;sm_tsubasa,,false,,,,
20250712_sm_10th_stage_d1,66,main,s_supremestars,sm_teru;sm_kaoru;sm_tsubasa;sm_kyoji;sm_pierre;sm_minori;sm_yusuke;sm_kyosuke;sm_hideo;sm_ryu;sm_seiji;sm_kirio;sm_shoma;sm_kuro;sm_hayato;sm_shun;sm_natsuki;sm_haruna;sm_shiki;sm_ryo;sm_daigo;sm_kazuki;sm_shu;sm_momondo;sm_eishin,,false,,,,
20250712_sm_10th_stage_d1,67,encore,s_takeastump,sm_teru;sm_kaoru;sm_tsubasa;sm_kyoji;sm_pierre;sm_minori;sm_yusuke;sm_kyosuke;sm_hideo;sm_ryu;sm_seiji;sm_kirio;sm_shoma;sm_kuro;sm_hayato;sm_shun;sm_natsuki;sm_haruna;sm_shiki;sm_ryo;sm_daigo;sm_kazuki;sm_shu;sm_momondo;sm_eishin;sm_hokuto;sm_rei;sm_suzaku;sm_yukihiro;sm_mao;sm_saki;sm_naoto;sm_shiro;sm_michio;sm_jiro;sm_takeru;sm_michiru;sm_amehiko;sm_sora,,false,,,,
20250712_sm_10th_stage_d1,68,encore,s_drivealive,sm_teru;sm_kaoru;sm_tsubasa;sm_kyoji;sm_pierre;sm_minori;sm_yusuke;sm_kyosuke;sm_hideo;sm_ryu;sm_seiji;sm_kirio;sm_shoma;sm_kuro;sm_hayato;sm_shun;sm_natsuki;sm_haruna;sm_shiki;sm_ryo;sm_daigo;sm_kazuki;sm_shu;sm_momondo;sm_eishin;sm_hokuto;sm_rei;sm_suzaku;sm_yukihiro;sm_mao;sm_saki;sm_naoto;sm_shiro;sm_michio;sm_jiro;sm_takeru;sm_michiru;sm_amehiko;sm_sora,,false,,,,
20250713_sm_10th_stage_d2,1,main,s_brandnewfield,sm_touma;sm_hokuto,,false,,,,
20250713_sm_10th_stage_d2,2,main,s_possibilities,sm_michio;sm_rui;sm_jiro,,false,,,,
20250713_sm_10th_stage_d2,3,main,s_sm_1eqghhu,sm_suzaku;sm_genbu,,false,,,,
20250713_sm_10th_stage_d2,4,main,s_cafparade,sm_yukihiro;sm_soichiro;sm_aslan;sm_mao;sm_saki,,false,,,,
20250713_sm_10th_stage_d2,5,main,s_the1stmovement,sm_kei;sm_rei,,false,,,,
20250713_sm_10th_stage_d2,6,main,s_sm_1czd79j,sm_takeru;sm_michiru;sm_ren,,false,,,,
20250713_sm_10th_stage_d2,7,main,s_sm_0fm40fl,sm_naoto;sm_shiro,,false,,,,
20250713_sm_10th_stage_d2,8,main,s_legacyofspirit,sm_amehiko;sm_sora;sm_chris,,false,,,,
20250713_sm_10th_stage_d2,9,main,s_drivealive,sm_touma;sm_hokuto;sm_kei;sm_rei;sm_suzaku;sm_genbu;sm_yukihiro;sm_soichiro;sm_aslan;sm_mao;sm_saki;sm_naoto;sm_shiro;sm_michio;sm_rui;sm_jiro;sm_takeru;sm_michiru;sm_ren;sm_amehiko;sm_sora;sm_chris,,false,,,,
20250713_sm_10th_stage_d2,10,main,s_burnitup,sm_suzaku;sm_genbu,,false,,,,
20250713_sm_10th_stage_d2,11,main,s_sm_1bcdc8n,sm_naoto;sm_shiro,,false,,,,
20250713_sm_10th_stage_d2,12,main,s_studyequalmagic,sm_michio;sm_rui;sm_jiro,,false,,,,
20250713_sm_10th_stage_d2,13,main,s_staytunedorbit,sm_touma;sm_hokuto,,false,,,,
20250713_sm_10th_stage_d2,14,main,s_reversedmasquerade,sm_yukihiro;sm_soichiro;sm_aslan;sm_mao;sm_saki,,false,,,,
20250713_sm_10th_stage_d2,15,main,s_mermaidfermata,sm_kei;sm_rei,,false,,,,
20250713_sm_10th_stage_d2,16,main,s_focusonyourlife,sm_amehiko;sm_sora;sm_chris,,false,,,,
20250713_sm_10th_stage_d2,17,main,s_proofofoneself,sm_takeru;sm_michiru;sm_ren,,false,,,,
20250713_sm_10th_stage_d2,18,main,s_pavtoiles,sm_yukihiro;sm_soichiro;sm_aslan;sm_mao;sm_saki,,false,,,,
20250713_sm_10th_stage_d2,19,main,s_tonesdestiny,sm_kei;sm_rei,,false,,,,
20250713_sm_10th_stage_d2,20,main,s_timebeforetime,sm_amehiko;sm_sora;sm_chris,,false,,,,
20250713_sm_10th_stage_d2,21,main,s_innerdignity,sm_touma;sm_hokuto,,false,,,,
20250713_sm_10th_stage_d2,22,main,s_knowonly,sm_takeru;sm_michiru;sm_ren,,false,,,,
20250713_sm_10th_stage_d2,23,main,s_route77,sm_suzaku;sm_genbu,,false,,,,
20250713_sm_10th_stage_d2,24,main,s_sm_1csqbt5,sm_naoto;sm_shiro,,false,,,,
20250713_sm_10th_stage_d2,25,main,s_danceintheschool,sm_michio;sm_rui;sm_jiro,,false,,,,
20250713_sm_10th_stage_d2,26,main,s_pridestar,sm_touma;sm_hokuto;sm_kei;sm_rei;sm_suzaku;sm_genbu;sm_yukihiro;sm_soichiro;sm_aslan;sm_mao;sm_saki;sm_naoto;sm_shiro;sm_michio;sm_rui;sm_jiro;sm_takeru;sm_michiru;sm_ren;sm_amehiko;sm_sora;sm_chris,,false,,,,
20250713_sm_10th_stage_d2,27,main,s_sm_1f30sj9,sm_naoto;sm_shiro,,false,,,,
20250713_sm_10th_stage_d2,28,main,s_sm_0h2qotw,sm_naoto;sm_shiro,,false,,,,
20250713_sm_10th_stage_d2,29,main,s_sm_0s8ra0e,sm_naoto;sm_shiro,,false,,,,
20250713_sm_10th_stage_d2,30,main,s_sm_17x77gv,sm_naoto;sm_shiro,,false,,,,
20250713_sm_10th_stage_d2,31,main,s_fighter,sm_takeru;sm_michiru;sm_ren,,false,,,,
20250713_sm_10th_stage_d2,32,main,s_rayoflight,sm_takeru;sm_michiru;sm_ren,,false,,,,
20250713_sm_10th_stage_d2,33,main,s_catchmeifyoucan,sm_takeru;sm_michiru;sm_ren,,false,,,,
20250713_sm_10th_stage_d2,34,main,s_miraculouswhiteday,sm_takeru;sm_michiru;sm_ren,,false,,,,
20250713_sm_10th_stage_d2,35,main,s_divetogravitation,sm_touma;sm_hokuto,,false,,,,
20250713_sm_10th_stage_d2,36,main,s_radiantletter,sm_touma;sm_hokuto,,false,,,,
20250713_sm_10th_stage_d2,37,main,s_sm_1qucty8,sm_touma;sm_hokuto,,false,,,,
20250713_sm_10th_stage_d2,38,main,s_spacyparadise,sm_touma;sm_hokuto,,false,,,,
20250713_sm_10th_stage_d2,39,main,s_infiniteoctave,sm_kei;sm_rei,,false,,,,
20250713_sm_10th_stage_d2,40,main,s_thesymphonicdaylight,sm_kei;sm_rei,,false,,,,
20250713_sm_10th_stage_d2,41,main,s_attaccascenery,sm_kei;sm_rei,,false,,,,
20250713_sm_10th_stage_d2,42,main,s_vivamente,sm_kei;sm_rei,,false,,,,
20250713_sm_10th_stage_d2,43,main,s_deliciousdelivery,sm_yukihiro;sm_soichiro;sm_aslan;sm_mao;sm_saki,,false,,,,
20250713_sm_10th_stage_d2,44,main,s_lacartefreedom,sm_yukihiro;sm_soichiro;sm_aslan;sm_mao;sm_saki,,false,,,,
20250713_sm_10th_stage_d2,45,main,s_teatimeclich,sm_yukihiro;sm_soichiro;sm_aslan;sm_mao;sm_saki,,false,,,,
20250713_sm_10th_stage_d2,46,main,s_chocolatespecial,sm_yukihiro;sm_soichiro;sm_aslan;sm_mao;sm_saki,,false,,,,
20250713_sm_10th_stage_d2,47,main,s_sm_0xppg2s,sm_suzaku;sm_genbu,,false,,,,
20250713_sm_10th_stage_d2,48,main,s_stillnessmovement,sm_suzaku;sm_genbu,,false,,,,
20250713_sm_10th_stage_d2,49,main,s_rightwaysoulmate,sm_suzaku;sm_genbu,,false,,,,
20250713_sm_10th_stage_d2,50,main,s_calling,sm_suzaku;sm_genbu,,false,,,,
20250713_sm_10th_stage_d2,51,main,s_fromteachertofuture,sm_michio;sm_rui;sm_jiro,,false,,,,
20250713_sm_10th_stage_d2,52,main,s_multipleentertainmentshow,sm_michio;sm_rui;sm_jiro,,false,,,,
20250713_sm_10th_stage_d2,53,main,s_aroundfindworld,sm_michio;sm_rui;sm_jiro,,false,,,,
20250713_sm_10th_stage_d2,54,main,s_summerholiday,sm_michio;sm_rui;sm_jiro,,false,,,,
20250713_sm_10th_stage_d2,55,main,s_symphonicbrave,sm_amehiko;sm_sora;sm_chris,,false,,,,
20250713_sm_10th_stage_d2,56,main,s_illshowyou,sm_amehiko;sm_sora;sm_chris,,false,,,,
20250713_sm_10th_stage_d2,57,main,s_stringoffate,sm_amehiko;sm_sora;sm_chris,,false,,,,
20250713_sm_10th_stage_d2,58,main,s_makenewlegend,sm_amehiko;sm_sora;sm_chris,,false,,,,
20250713_sm_10th_stage_d2,59,main,s_panoramasfanfare,sm_kei;sm_rei,,false,,,,
20250713_sm_10th_stage_d2,60,main,s_happystarting,sm_yukihiro;sm_soichiro;sm_aslan;sm_mao;sm_saki,,false,,,,
20250713_sm_10th_stage_d2,61,main,s_sm_0rytzgi,sm_naoto;sm_shiro,,false,,,,
20250713_sm_10th_stage_d2,62,main,s_dearmylight,sm_michio;sm_rui;sm_jiro,,false,,,,
20250713_sm_10th_stage_d2,63,main,s_meteoricswarm,sm_amehiko;sm_sora;sm_chris,,false,,,,
20250713_sm_10th_stage_d2,64,main,s_supernova,sm_takeru;sm_michiru;sm_ren,,false,,,,
20250713_sm_10th_stage_d2,65,main,s_firedup,sm_suzaku;sm_genbu,,false,,,,
20250713_sm_10th_stage_d2,66,main,s_sm_0tn1xjp,sm_touma;sm_hokuto,,false,,,,
20250713_sm_10th_stage_d2,67,main,s_supremestars,sm_touma;sm_hokuto;sm_kei;sm_rei;sm_suzaku;sm_genbu;sm_yukihiro;sm_soichiro;sm_aslan;sm_mao;sm_saki;sm_naoto;sm_shiro;sm_michio;sm_rui;sm_jiro;sm_takeru;sm_michiru;sm_ren;sm_amehiko;sm_sora;sm_chris,,false,,,,
20250713_sm_10th_stage_d2,68,encore,s_truehorizon,sm_touma;sm_teru;sm_shu,,false,,,,
20250713_sm_10th_stage_d2,69,encore,s_takeastump,sm_touma;sm_hokuto;sm_kei;sm_rei;sm_suzaku;sm_genbu;sm_yukihiro;sm_soichiro;sm_aslan;sm_mao;sm_saki;sm_naoto;sm_shiro;sm_michio;sm_rui;sm_jiro;sm_takeru;sm_michiru;sm_ren;sm_amehiko;sm_sora;sm_chris;sm_teru;sm_minori;sm_yusuke;sm_kyosuke;sm_ryu;sm_seiji;sm_shoma;sm_kuro;sm_hayato;sm_shun;sm_natsuki;sm_daigo;sm_kazuki;sm_shu;sm_momondo;sm_eishin,,false,,,,
20250713_sm_10th_stage_d2,70,encore,s_drivealive,sm_touma;sm_hokuto;sm_kei;sm_rei;sm_suzaku;sm_genbu;sm_yukihiro;sm_soichiro;sm_aslan;sm_mao;sm_saki;sm_naoto;sm_shiro;sm_michio;sm_rui;sm_jiro;sm_takeru;sm_michiru;sm_ren;sm_amehiko;sm_sora;sm_chris;sm_teru;sm_minori;sm_yusuke;sm_kyosuke;sm_ryu;sm_seiji;sm_shoma;sm_kuro;sm_hayato;sm_shun;sm_natsuki;sm_daigo;sm_kazuki;sm_shu;sm_momondo;sm_eishin,,false,,,,
20251004_sm_wgf_maku_d1_day,1,main,s_arrivetostar,sm_teru;sm_kaoru;sm_tsubasa,,false,,,,
20251004_sm_wgf_maku_d1_day,2,main,s_missionis,sm_hideo;sm_ryu;sm_seiji,,false,,,,
20251004_sm_wgf_maku_d1_day,3,main,s_wanderfulnippon,sm_kirio;sm_shoma;sm_kuro,,false,,,,
20251004_sm_wgf_maku_d1_day,4,main,s_theradicaljoker,sm_hayato;sm_shun;sm_natsuki;sm_haruna;sm_shiki,,false,,,,
20251004_sm_wgf_maku_d1_day,5,main,s_burnitup,sm_suzaku;sm_genbu,,false,,,,
20251004_sm_wgf_maku_d1_day,6,main,s_proofofoneself,sm_takeru;sm_michiru;sm_ren,,false,,,,
20251004_sm_wgf_maku_d1_day,7,main,s_hopesjourney,sm_ryo;sm_daigo;sm_kazuki,,false,,,,
20251004_sm_wgf_maku_d1_day,8,main,s_focusonyourlife,sm_amehiko;sm_sora;sm_chris,,false,,,,
20251004_sm_wgf_maku_d1_day,9,main,s_moonnight,sm_teru;sm_kaoru;sm_tsubasa,,false,,,,
20251004_sm_wgf_maku_d1_day,10,main,s_staroverstar,sm_teru;sm_kaoru;sm_tsubasa,,false,,,,
20251004_sm_wgf_maku_d1_day,11,main,s_sm_0yqyke8,sm_hideo;sm_ryu;sm_seiji,,false,,,,
20251004_sm_wgf_maku_d1_day,12,main,s_sm_0hnjg57,sm_hideo;sm_ryu;sm_seiji,,false,,,,
20251004_sm_wgf_maku_d1_day,13,main,s_sm_0z6kyn5,sm_kirio;sm_shoma;sm_kuro,,false,,,,
20251004_sm_wgf_maku_d1_day,14,main,s_sobeautiful,sm_kirio;sm_shoma;sm_kuro,,false,,,,
20251004_sm_wgf_maku_d1_day,15,main,s_joyfulheartmaker,sm_hayato;sm_shun;sm_natsuki;sm_haruna;sm_shiki,,false,,,,
20251004_sm_wgf_maku_d1_day,16,main,s_seasoninthefive,sm_hayato;sm_shun;sm_natsuki;sm_haruna;sm_shiki,,false,,,,
20251004_sm_wgf_maku_d1_day,17,main,s_sm_1eqghhu,sm_suzaku;sm_genbu,,false,,,,
20251004_sm_wgf_maku_d1_day,18,main,s_stillnessmovement,sm_suzaku;sm_genbu,,false,,,,
20251004_sm_wgf_maku_d1_day,19,main,s_rayoflight,sm_takeru;sm_michiru;sm_ren,,false,,,,
20251004_sm_wgf_maku_d1_day,20,main,s_fighter,sm_takeru;sm_michiru;sm_ren,,false,,,,
20251004_sm_wgf_maku_d1_day,21,main,s_fantasticdiscotheque,sm_ryo;sm_daigo;sm_kazuki,,false,,,,
20251004_sm_wgf_maku_d1_day,22,main,s_brightsunnyday,sm_ryo;sm_daigo;sm_kazuki,,false,,,,
20251004_sm_wgf_maku_d1_day,23,main,s_makenewlegend,sm_amehiko;sm_sora;sm_chris,,false,,,,
20251004_sm_wgf_maku_d1_day,24,main,s_symphonicbrave,sm_amehiko;sm_sora;sm_chris,,false,,,,
20251004_sm_wgf_maku_d1_day,25,main,s_mystarrysong,sm_kaoru,,false,,,,
20251004_sm_wgf_maku_d1_day,26,main,s_sm_0ku97l2,sm_hideo,,false,,,,
20251004_sm_wgf_maku_d1_day,27,main,s_sm_1kla7c1,sm_shoma,,false,,,,
20251004_sm_wgf_maku_d1_day,28,main,s_genuinefeelings,sm_shun,,false,,,,
20251004_sm_wgf_maku_d1_day,29,main,s_countup,sm_shiki,,false,,,,
20251004_sm_wgf_maku_d1_day,30,main,s_burningvoltage,sm_suzaku,,false,,,,
20251004_sm_wgf_maku_d1_day,31,main,s_determinedsoul,sm_michiru,,false,,,,
20251004_sm_wgf_maku_d1_day,32,main,s_sm_1f30sj9,sm_ryo,,false,,,,
20251004_sm_wgf_maku_d1_day,33,main,s_youre,sm_sora,,false,,,,
20251004_sm_wgf_maku_d1_day,34,main,s_gatherround,sm_kaoru;sm_hideo;sm_shoma;sm_shun;sm_shiki;sm_suzaku;sm_michiru;sm_ryo;sm_sora,,false,,,,
20251004_sm_wgf_maku_d1_day,35,main,s_crownusking,sm_teru;sm_kaoru;sm_tsubasa;sm_hideo;sm_ryu;sm_seiji;sm_kirio;sm_shoma;sm_kuro;sm_hayato;sm_shun;sm_natsuki;sm_haruna;sm_shiki;sm_suzaku;sm_genbu;sm_takeru;sm_michiru;sm_ren;sm_ryo;sm_daigo;sm_kazuki;sm_amehiko;sm_sora;sm_chris,,false,,,,
20251004_sm_wgf_maku_d1_day,36,encore,s_supremestars,sm_teru;sm_kaoru;sm_tsubasa;sm_hideo;sm_ryu;sm_seiji;sm_kirio;sm_shoma;sm_kuro;sm_hayato;sm_shun;sm_natsuki;sm_haruna;sm_shiki;sm_suzaku;sm_genbu;sm_takeru;sm_michiru;sm_ren;sm_ryo;sm_daigo;sm_kazuki;sm_amehiko;sm_sora;sm_chris,,false,,,,
20251004_sm_wgf_maku_d1_night,1,main,s_arrivetostar,sm_teru;sm_kaoru;sm_tsubasa,,false,,,,
20251004_sm_wgf_maku_d1_night,2,main,s_missionis,sm_hideo;sm_ryu;sm_seiji,,false,,,,
20251004_sm_wgf_maku_d1_night,3,main,s_wanderfulnippon,sm_kirio;sm_shoma;sm_kuro,,false,,,,
20251004_sm_wgf_maku_d1_night,4,main,s_theradicaljoker,sm_hayato;sm_shun;sm_natsuki;sm_haruna;sm_shiki,,false,,,,
20251004_sm_wgf_maku_d1_night,5,main,s_burnitup,sm_suzaku;sm_genbu,,false,,,,
20251004_sm_wgf_maku_d1_night,6,main,s_proofofoneself,sm_takeru;sm_michiru;sm_ren,,false,,,,
20251004_sm_wgf_maku_d1_night,7,main,s_hopesjourney,sm_ryo;sm_daigo;sm_kazuki,,false,,,,
20251004_sm_wgf_maku_d1_night,8,main,s_focusonyourlife,sm_amehiko;sm_sora;sm_chris,,false,,,,
20251004_sm_wgf_maku_d1_night,9,main,s_fantasticdiscotheque,sm_ryo;sm_daigo;sm_kazuki,,false,,,,
20251004_sm_wgf_maku_d1_night,10,main,s_tricolorrendezvous,sm_ryo;sm_daigo;sm_kazuki,,false,,,,
20251004_sm_wgf_maku_d1_night,11,main,s_sm_1eqghhu,sm_suzaku;sm_genbu,,false,,,,
20251004_sm_wgf_maku_d1_night,12,main,s_sm_0sa7uq4,sm_suzaku;sm_genbu,,false,,,,
20251004_sm_wgf_maku_d1_night,13,main,s_sm_0z6kyn5,sm_kirio;sm_shoma;sm_kuro,,false,,,,
20251004_sm_wgf_maku_d1_night,14,main,s_sm_1eth4io,sm_kirio;sm_shoma;sm_kuro,,false,,,,
20251004_sm_wgf_maku_d1_night,15,main,s_sm_0yqyke8,sm_hideo;sm_ryu;sm_seiji,,false,,,,
20251004_sm_wgf_maku_d1_night,16,main,s_ambercoloroasis,sm_hideo;sm_ryu;sm_seiji,,false,,,,
20251004_sm_wgf_maku_d1_night,17,main,s_makenewlegend,sm_amehiko;sm_sora;sm_chris,,false,,,,
20251004_sm_wgf_maku_d1_night,18,main,s_illshowyou,sm_amehiko;sm_sora;sm_chris,,false,,,,
20251004_sm_wgf_maku_d1_night,19,main,s_moonnight,sm_teru;sm_kaoru;sm_tsubasa,,false,,,,
20251004_sm_wgf_maku_d1_night,20,main,s_asterisk,sm_teru;sm_kaoru;sm_tsubasa,,false,,,,
20251004_sm_wgf_maku_d1_night,21,main,s_rayoflight,sm_takeru;sm_michiru;sm_ren,,false,,,,
20251004_sm_wgf_maku_d1_night,22,main,s_supernova,sm_takeru;sm_michiru;sm_ren,,false,,,,
20251004_sm_wgf_maku_d1_night,23,main,s_joyfulheartmaker,sm_hayato;sm_shun;sm_natsuki;sm_haruna;sm_shiki,,false,,,,
20251004_sm_wgf_maku_d1_night,24,main,s_towardpolestar,sm_hayato;sm_shun;sm_natsuki;sm_haruna;sm_shiki,,false,,,,
20251004_sm_wgf_maku_d1_night,25,main,s_mystarrysong,sm_kaoru,,false,,,,
20251004_sm_wgf_maku_d1_night,26,main,s_sm_0ku97l2,sm_hideo,,false,,,,
20251004_sm_wgf_maku_d1_night,27,main,s_sm_1kla7c1,sm_shoma,,false,,,,
20251004_sm_wgf_maku_d1_night,28,main,s_genuinefeelings,sm_shun,,false,,,,
20251004_sm_wgf_maku_d1_night,29,main,s_countup,sm_shiki,,false,,,,
20251004_sm_wgf_maku_d1_night,30,main,s_burningvoltage,sm_suzaku,,false,,,,
20251004_sm_wgf_maku_d1_night,31,main,s_determinedsoul,sm_michiru,,false,,,,
20251004_sm_wgf_maku_d1_night,32,main,s_sm_1f30sj9,sm_ryo,,false,,,,
20251004_sm_wgf_maku_d1_night,33,main,s_youre,sm_sora,,false,,,,
20251004_sm_wgf_maku_d1_night,34,main,s_gatherround,sm_kaoru;sm_hideo;sm_shoma;sm_shun;sm_shiki;sm_suzaku;sm_michiru;sm_ryo;sm_sora,,false,,,,
20251004_sm_wgf_maku_d1_night,35,main,s_crownusking,sm_teru;sm_kaoru;sm_tsubasa;sm_hideo;sm_ryu;sm_seiji;sm_kirio;sm_shoma;sm_kuro;sm_hayato;sm_shun;sm_natsuki;sm_haruna;sm_shiki;sm_suzaku;sm_genbu;sm_takeru;sm_michiru;sm_ren;sm_ryo;sm_daigo;sm_kazuki;sm_amehiko;sm_sora;sm_chris,,false,,,,
20251004_sm_wgf_maku_d1_night,36,encore,s_supremestars,sm_teru;sm_kaoru;sm_tsubasa;sm_hideo;sm_ryu;sm_seiji;sm_kirio;sm_shoma;sm_kuro;sm_hayato;sm_shun;sm_natsuki;sm_haruna;sm_shiki;sm_suzaku;sm_genbu;sm_takeru;sm_michiru;sm_ren;sm_ryo;sm_daigo;sm_kazuki;sm_amehiko;sm_sora;sm_chris,,false,,,,
20251005_sm_wgf_maku_d2_day,1,main,s_arrivetostar,sm_teru;sm_kaoru;sm_tsubasa,,false,,,,
20251005_sm_wgf_maku_d2_day,2,main,s_missionis,sm_hideo;sm_ryu;sm_seiji,,false,,,,
20251005_sm_wgf_maku_d2_day,3,main,s_wanderfulnippon,sm_kirio;sm_shoma;sm_kuro,,false,,,,
20251005_sm_wgf_maku_d2_day,4,main,s_theradicaljoker,sm_hayato;sm_shun;sm_natsuki;sm_haruna;sm_shiki,,false,,,,
20251005_sm_wgf_maku_d2_day,5,main,s_burnitup,sm_suzaku;sm_genbu,,false,,,,
20251005_sm_wgf_maku_d2_day,6,main,s_proofofoneself,sm_takeru;sm_michiru;sm_ren,,false,,,,
20251005_sm_wgf_maku_d2_day,7,main,s_hopesjourney,sm_ryo;sm_daigo;sm_kazuki,,false,,,,
20251005_sm_wgf_maku_d2_day,8,main,s_focusonyourlife,sm_amehiko;sm_sora;sm_chris,,false,,,,
20251005_sm_wgf_maku_d2_day,9,main,s_sm_0yqyke8,sm_hideo;sm_ryu;sm_seiji,,false,,,,
20251005_sm_wgf_maku_d2_day,10,main,s_onetodream,sm_hideo;sm_ryu;sm_seiji,,false,,,,
20251005_sm_wgf_maku_d2_day,11,main,s_joyfulheartmaker,sm_hayato;sm_shun;sm_natsuki;sm_haruna;sm_shiki,,false,,,,
20251005_sm_wgf_maku_d2_day,12,main,s_seasoninthefive,sm_hayato;sm_shun;sm_natsuki;sm_haruna;sm_shiki,,false,,,,
20251005_sm_wgf_maku_d2_day,13,main,s_sm_1eqghhu,sm_suzaku;sm_genbu,,false,,,,
20251005_sm_wgf_maku_d2_day,14,main,s_godspeedignition,sm_suzaku;sm_genbu,,false,,,,
20251005_sm_wgf_maku_d2_day,15,main,s_sm_0z6kyn5,sm_kirio;sm_shoma;sm_kuro,,false,,,,
20251005_sm_wgf_maku_d2_day,16,main,s_sm_1eth4io,sm_kirio;sm_shoma;sm_kuro,,false,,,,
20251005_sm_wgf_maku_d2_day,17,main,s_fantasticdiscotheque,sm_ryo;sm_daigo;sm_kazuki,,false,,,,
20251005_sm_wgf_maku_d2_day,18,main,s_wavingflags,sm_ryo;sm_daigo;sm_kazuki,,false,,,,
20251005_sm_wgf_maku_d2_day,19,main,s_rayoflight,sm_takeru;sm_michiru;sm_ren,,false,,,,
20251005_sm_wgf_maku_d2_day,20,main,s_supernova,sm_takeru;sm_michiru;sm_ren,,false,,,,
20251005_sm_wgf_maku_d2_day,21,main,s_makenewlegend,sm_amehiko;sm_sora;sm_chris,,false,,,,
20251005_sm_wgf_maku_d2_day,22,main,s_sm_0iwgeyd,sm_amehiko;sm_sora;sm_chris,,false,,,,
20251005_sm_wgf_maku_d2_day,23,main,s_moonnight,sm_teru;sm_kaoru;sm_tsubasa,,false,,,,
20251005_sm_wgf_maku_d2_day,24,main,s_sm_0fpuf8f,sm_teru;sm_kaoru;sm_tsubasa,,false,,,,
20251005_sm_wgf_maku_d2_day,25,main,s_mystarrysong,sm_kaoru,,false,,,,
20251005_sm_wgf_maku_d2_day,26,main,s_sm_0ku97l2,sm_hideo,,false,,,,
20251005_sm_wgf_maku_d2_day,27,main,s_sm_1kla7c1,sm_shoma,,false,,,,
20251005_sm_wgf_maku_d2_day,28,main,s_genuinefeelings,sm_shun,,false,,,,
20251005_sm_wgf_maku_d2_day,29,main,s_countup,sm_shiki,,false,,,,
20251005_sm_wgf_maku_d2_day,30,main,s_burningvoltage,sm_suzaku,,false,,,,
20251005_sm_wgf_maku_d2_day,31,main,s_determinedsoul,sm_michiru,,false,,,,
20251005_sm_wgf_maku_d2_day,32,main,s_sm_1f30sj9,sm_ryo,,false,,,,
20251005_sm_wgf_maku_d2_day,33,main,s_youre,sm_sora,,false,,,,
20251005_sm_wgf_maku_d2_day,34,main,s_gatherround,sm_kaoru;sm_hideo;sm_shoma;sm_shun;sm_shiki;sm_suzaku;sm_michiru;sm_ryo;sm_sora,,false,,,,
20251005_sm_wgf_maku_d2_day,35,main,s_crownusking,sm_teru;sm_kaoru;sm_tsubasa;sm_hideo;sm_ryu;sm_seiji;sm_kirio;sm_shoma;sm_kuro;sm_hayato;sm_shun;sm_natsuki;sm_haruna;sm_shiki;sm_suzaku;sm_genbu;sm_takeru;sm_michiru;sm_ren;sm_ryo;sm_daigo;sm_kazuki;sm_amehiko;sm_sora;sm_chris,,false,,,,
20251005_sm_wgf_maku_d2_day,36,encore,s_supremestars,sm_teru;sm_kaoru;sm_tsubasa;sm_hideo;sm_ryu;sm_seiji;sm_kirio;sm_shoma;sm_kuro;sm_hayato;sm_shun;sm_natsuki;sm_haruna;sm_shiki;sm_suzaku;sm_genbu;sm_takeru;sm_michiru;sm_ren;sm_ryo;sm_daigo;sm_kazuki;sm_amehiko;sm_sora;sm_chris,,false,,,,
20251005_sm_wgf_maku_d2_night,1,main,s_arrivetostar,sm_teru;sm_kaoru;sm_tsubasa,,false,,,,
20251005_sm_wgf_maku_d2_night,2,main,s_missionis,sm_hideo;sm_ryu;sm_seiji,,false,,,,
20251005_sm_wgf_maku_d2_night,3,main,s_wanderfulnippon,sm_kirio;sm_shoma;sm_kuro,,false,,,,
20251005_sm_wgf_maku_d2_night,4,main,s_theradicaljoker,sm_hayato;sm_shun;sm_natsuki;sm_haruna;sm_shiki,,false,,,,
20251005_sm_wgf_maku_d2_night,5,main,s_burnitup,sm_suzaku;sm_genbu,,false,,,,
20251005_sm_wgf_maku_d2_night,6,main,s_proofofoneself,sm_takeru;sm_michiru;sm_ren,,false,,,,
20251005_sm_wgf_maku_d2_night,7,main,s_hopesjourney,sm_ryo;sm_daigo;sm_kazuki,,false,,,,
20251005_sm_wgf_maku_d2_night,8,main,s_focusonyourlife,sm_amehiko;sm_sora;sm_chris,,false,,,,
20251005_sm_wgf_maku_d2_night,9,main,s_joyfulheartmaker,sm_hayato;sm_shun;sm_natsuki;sm_haruna;sm_shiki,,false,,,,
20251005_sm_wgf_maku_d2_night,10,main,s_joker_2,sm_hayato;sm_shun;sm_natsuki;sm_haruna;sm_shiki,,false,,,,
20251005_sm_wgf_maku_d2_night,11,main,s_makenewlegend,sm_amehiko;sm_sora;sm_chris,,false,,,,
20251005_sm_wgf_maku_d2_night,12,main,s_illshowyou,sm_amehiko;sm_sora;sm_chris,,false,,,,
20251005_sm_wgf_maku_d2_night,13,main,s_fantasticdiscotheque,sm_ryo;sm_daigo;sm_kazuki,,false,,,,
20251005_sm_wgf_maku_d2_night,14,main,s_brightsunnyday,sm_ryo;sm_daigo;sm_kazuki,,false,,,,
20251005_sm_wgf_maku_d2_night,15,main,s_moonnight,sm_teru;sm_kaoru;sm_tsubasa,,false,,,,
20251005_sm_wgf_maku_d2_night,16,main,s_staroverstar,sm_teru;sm_kaoru;sm_tsubasa,,false,,,,
20251005_sm_wgf_maku_d2_night,17,main,s_sm_0yqyke8,sm_hideo;sm_ryu;sm_seiji,,false,,,,
20251005_sm_wgf_maku_d2_night,18,main,s_ambercoloroasis,sm_hideo;sm_ryu;sm_seiji,,false,,,,
20251005_sm_wgf_maku_d2_night,19,main,s_sm_1eqghhu,sm_suzaku;sm_genbu,,false,,,,
20251005_sm_wgf_maku_d2_night,20,main,s_stillnessmovement,sm_suzaku;sm_genbu,,false,,,,
20251005_sm_wgf_maku_d2_night,21,main,s_sm_0z6kyn5,sm_kirio;sm_shoma;sm_kuro,,false,,,,
20251005_sm_wgf_maku_d2_night,22,main,s_entertainments,sm_kirio;sm_shoma;sm_kuro,,false,,,,
20251005_sm_wgf_maku_d2_night,23,main,s_rayoflight,sm_takeru;sm_michiru;sm_ren,,false,,,,
20251005_sm_wgf_maku_d2_night,24,main,s_sm_1jxhmcc,sm_takeru;sm_michiru;sm_ren,,false,,,,
20251005_sm_wgf_maku_d2_night,25,main,s_mystarrysong,sm_kaoru,,false,,,,
20251005_sm_wgf_maku_d2_night,26,main,s_sm_0ku97l2,sm_hideo,,false,,,,
20251005_sm_wgf_maku_d2_night,27,main,s_sm_1kla7c1,sm_shoma,,false,,,,
20251005_sm_wgf_maku_d2_night,28,main,s_genuinefeelings,sm_shun,,false,,,,
20251005_sm_wgf_maku_d2_night,29,main,s_countup,sm_shiki,,false,,,,
20251005_sm_wgf_maku_d2_night,30,main,s_burningvoltage,sm_suzaku,,false,,,,
20251005_sm_wgf_maku_d2_night,31,main,s_determinedsoul,sm_michiru,,false,,,,
20251005_sm_wgf_maku_d2_night,32,main,s_sm_1f30sj9,sm_ryo,,false,,,,
20251005_sm_wgf_maku_d2_night,33,main,s_youre,sm_sora,,false,,,,
20251005_sm_wgf_maku_d2_night,34,main,s_gatherround,sm_kaoru;sm_hideo;sm_shoma;sm_shun;sm_shiki;sm_suzaku;sm_michiru;sm_ryo;sm_sora,,false,,,,
20251005_sm_wgf_maku_d2_night,35,main,s_crownusking,sm_teru;sm_kaoru;sm_tsubasa;sm_hideo;sm_ryu;sm_seiji;sm_kirio;sm_shoma;sm_kuro;sm_hayato;sm_shun;sm_natsuki;sm_haruna;sm_shiki;sm_suzaku;sm_genbu;sm_takeru;sm_michiru;sm_ren;sm_ryo;sm_daigo;sm_kazuki;sm_amehiko;sm_sora;sm_chris,,false,,,,
20251005_sm_wgf_maku_d2_night,36,encore,s_supremestars,sm_teru;sm_kaoru;sm_tsubasa;sm_hideo;sm_ryu;sm_seiji;sm_kirio;sm_shoma;sm_kuro;sm_hayato;sm_shun;sm_natsuki;sm_haruna;sm_shiki;sm_suzaku;sm_genbu;sm_takeru;sm_michiru;sm_ren;sm_ryo;sm_daigo;sm_kazuki;sm_amehiko;sm_sora;sm_chris,,false,,,,
20251115_sm_wgf_osaka_d1_day,1,main,s_arrivetostar,sm_teru;sm_kaoru;sm_tsubasa,,false,,,,
20251115_sm_wgf_osaka_d1_day,2,main,s_missionis,sm_hideo;sm_ryu;sm_seiji,,false,,,,
20251115_sm_wgf_osaka_d1_day,3,main,s_wanderfulnippon,sm_kirio;sm_shoma;sm_kuro,,false,,,,
20251115_sm_wgf_osaka_d1_day,4,main,s_theradicaljoker,sm_hayato;sm_shun;sm_natsuki;sm_haruna;sm_shiki,,false,,,,
20251115_sm_wgf_osaka_d1_day,5,main,s_burnitup,sm_suzaku;sm_genbu,,false,,,,
20251115_sm_wgf_osaka_d1_day,6,main,s_proofofoneself,sm_takeru;sm_michiru;sm_ren,,false,,,,
20251115_sm_wgf_osaka_d1_day,7,main,s_hopesjourney,sm_ryo;sm_daigo;sm_kazuki,,false,,,,
20251115_sm_wgf_osaka_d1_day,8,main,s_focusonyourlife,sm_amehiko;sm_sora;sm_chris,,false,,,,
20251115_sm_wgf_osaka_d1_day,9,main,s_sm_02clr03,sm_kirio;sm_shoma;sm_kuro,,false,,,,
20251115_sm_wgf_osaka_d1_day,10,main,s_entertainments,sm_kirio;sm_shoma;sm_kuro,,false,,,,
20251115_sm_wgf_osaka_d1_day,11,main,s_fighting,sm_takeru;sm_michiru;sm_ren,,false,,,,
20251115_sm_wgf_osaka_d1_day,12,main,s_fighter,sm_takeru;sm_michiru;sm_ren,,false,,,,
20251115_sm_wgf_osaka_d1_day,13,main,s_dramaticnonfiction,sm_teru;sm_kaoru;sm_tsubasa,,false,,,,
20251115_sm_wgf_osaka_d1_day,14,main,s_sm_0fpuf8f,sm_teru;sm_kaoru;sm_tsubasa,,false,,,,
20251115_sm_wgf_osaka_d1_day,15,main,s_legacyofspirit,sm_amehiko;sm_sora;sm_chris,,false,,,,
20251115_sm_wgf_osaka_d1_day,16,main,s_symphonicbrave,sm_amehiko;sm_sora;sm_chris,,false,,,,
20251115_sm_wgf_osaka_d1_day,17,main,s_cupids,sm_ryo;sm_daigo;sm_kazuki,,false,,,,
20251115_sm_wgf_osaka_d1_day,18,main,s_tricolorrendezvous,sm_ryo;sm_daigo;sm_kazuki,,false,,,,
20251115_sm_wgf_osaka_d1_day,19,main,s_ultimateflame,sm_hideo;sm_ryu;sm_seiji,,false,,,,
20251115_sm_wgf_osaka_d1_day,20,main,s_onetodream,sm_hideo;sm_ryu;sm_seiji,,false,,,,
20251115_sm_wgf_osaka_d1_day,21,main,s_sunsetcolors,sm_hayato;sm_shun;sm_natsuki;sm_haruna;sm_shiki,,false,,,,
20251115_sm_wgf_osaka_d1_day,22,main,s_joker_2,sm_hayato;sm_shun;sm_natsuki;sm_haruna;sm_shiki,,false,,,,
20251115_sm_wgf_osaka_d1_day,23,main,s_rightwaysoulmate,sm_suzaku;sm_genbu,,false,,,,
20251115_sm_wgf_osaka_d1_day,24,main,s_godspeedignition,sm_suzaku;sm_genbu,,false,,,,
20251115_sm_wgf_osaka_d1_day,25,main,s_permafrost,sm_sora,,false,,,,
20251115_sm_wgf_osaka_d1_day,26,main,s_withstory,sm_ryo,,false,,,,
20251115_sm_wgf_osaka_d1_day,27,main,s_catchmeifyoucan,sm_michiru,,false,,,,
20251115_sm_wgf_osaka_d1_day,28,main,s_bluesy,sm_suzaku,,false,,,,
20251115_sm_wgf_osaka_d1_day,29,main,s_oursong,sm_shun;sm_shiki,,false,,,,
20251115_sm_wgf_osaka_d1_day,30,main,s_sm_0hdn3zk,sm_shoma,,false,,,,
20251115_sm_wgf_osaka_d1_day,31,main,s_sm_1coxlo6,sm_hideo,,false,,,,
20251115_sm_wgf_osaka_d1_day,32,main,s_rainymemories,sm_kaoru,,false,,,,
20251115_sm_wgf_osaka_d1_day,33,main,s_gloriousrod,sm_kaoru;sm_hideo;sm_shoma;sm_shun;sm_shiki;sm_suzaku;sm_michiru;sm_ryo;sm_sora,,false,,,,
20251115_sm_wgf_osaka_d1_day,34,main,s_crownusking,sm_teru;sm_kaoru;sm_tsubasa;sm_hideo;sm_ryu;sm_seiji;sm_kirio;sm_shoma;sm_kuro;sm_hayato;sm_shun;sm_natsuki;sm_haruna;sm_shiki;sm_suzaku;sm_genbu;sm_takeru;sm_michiru;sm_ren;sm_ryo;sm_daigo;sm_kazuki;sm_amehiko;sm_sora;sm_chris,,false,,,,
20251115_sm_wgf_osaka_d1_day,35,encore,s_supremestars,sm_teru;sm_kaoru;sm_tsubasa;sm_hideo;sm_ryu;sm_seiji;sm_kirio;sm_shoma;sm_kuro;sm_hayato;sm_shun;sm_natsuki;sm_haruna;sm_shiki;sm_suzaku;sm_genbu;sm_takeru;sm_michiru;sm_ren;sm_ryo;sm_daigo;sm_kazuki;sm_amehiko;sm_sora;sm_chris,,false,,,,
20251115_sm_wgf_osaka_d1_night,1,main,s_arrivetostar,sm_teru;sm_kaoru;sm_tsubasa,,false,,,,
20251115_sm_wgf_osaka_d1_night,2,main,s_missionis,sm_hideo;sm_ryu;sm_seiji,,false,,,,
20251115_sm_wgf_osaka_d1_night,3,main,s_wanderfulnippon,sm_kirio;sm_shoma;sm_kuro,,false,,,,
20251115_sm_wgf_osaka_d1_night,4,main,s_theradicaljoker,sm_hayato;sm_shun;sm_natsuki;sm_haruna;sm_shiki,,false,,,,
20251115_sm_wgf_osaka_d1_night,5,main,s_burnitup,sm_suzaku;sm_genbu,,false,,,,
20251115_sm_wgf_osaka_d1_night,6,main,s_proofofoneself,sm_takeru;sm_michiru;sm_ren,,false,,,,
20251115_sm_wgf_osaka_d1_night,7,main,s_hopesjourney,sm_ryo;sm_daigo;sm_kazuki,,false,,,,
20251115_sm_wgf_osaka_d1_night,8,main,s_focusonyourlife,sm_amehiko;sm_sora;sm_chris,,false,,,,
20251115_sm_wgf_osaka_d1_night,9,main,s_legacyofspirit,sm_amehiko;sm_sora;sm_chris,,false,,,,
20251115_sm_wgf_osaka_d1_night,10,main,s_illshowyou,sm_amehiko;sm_sora;sm_chris,,false,,,,
20251115_sm_wgf_osaka_d1_night,11,main,s_sunsetcolors,sm_hayato;sm_shun;sm_natsuki;sm_haruna;sm_shiki,,false,,,,
20251115_sm_wgf_osaka_d1_night,12,main,s_seasoninthefive,sm_hayato;sm_shun;sm_natsuki;sm_haruna;sm_shiki,,false,,,,
20251115_sm_wgf_osaka_d1_night,13,main,s_rightwaysoulmate,sm_suzaku;sm_genbu,,false,,,,
20251115_sm_wgf_osaka_d1_night,14,main,s_stillnessmovement,sm_suzaku;sm_genbu,,false,,,,
20251115_sm_wgf_osaka_d1_night,15,main,s_sm_02clr03,sm_kirio;sm_shoma;sm_kuro,,false,,,,
20251115_sm_wgf_osaka_d1_night,16,main,s_sobeautiful,sm_kirio;sm_shoma;sm_kuro,,false,,,,
20251115_sm_wgf_osaka_d1_night,17,main,s_fighting,sm_takeru;sm_michiru;sm_ren,,false,,,,
20251115_sm_wgf_osaka_d1_night,18,main,s_supernova,sm_takeru;sm_michiru;sm_ren,,false,,,,
20251115_sm_wgf_osaka_d1_night,19,main,s_cupids,sm_ryo;sm_daigo;sm_kazuki,,false,,,,
20251115_sm_wgf_osaka_d1_night,20,main,s_wavingflags,sm_ryo;sm_daigo;sm_kazuki,,false,,,,
20251115_sm_wgf_osaka_d1_night,21,main,s_dramaticnonfiction,sm_teru;sm_kaoru;sm_tsubasa,,false,,,,
20251115_sm_wgf_osaka_d1_night,22,main,s_asterisk,sm_teru;sm_kaoru;sm_tsubasa,,false,,,,
20251115_sm_wgf_osaka_d1_night,23,main,s_ultimateflame,sm_hideo;sm_ryu;sm_seiji,,false,,,,
20251115_sm_wgf_osaka_d1_night,24,main,s_sm_0hnjg57,sm_hideo;sm_ryu;sm_seiji,,false,,,,
20251115_sm_wgf_osaka_d1_night,25,main,s_permafrost,sm_sora,,false,,,,
20251115_sm_wgf_osaka_d1_night,26,main,s_withstory,sm_ryo,,false,,,,
20251115_sm_wgf_osaka_d1_night,27,main,s_catchmeifyoucan,sm_michiru,,false,,,,
20251115_sm_wgf_osaka_d1_night,28,main,s_bluesy,sm_suzaku,,false,,,,
20251115_sm_wgf_osaka_d1_night,29,main,s_oursong,sm_shun;sm_shiki,,false,,,,
20251115_sm_wgf_osaka_d1_night,30,main,s_sm_0hdn3zk,sm_shoma,,false,,,,
20251115_sm_wgf_osaka_d1_night,31,main,s_sm_1coxlo6,sm_hideo,,false,,,,
20251115_sm_wgf_osaka_d1_night,32,main,s_rainymemories,sm_kaoru,,false,,,,
20251115_sm_wgf_osaka_d1_night,33,main,s_gloriousrod,sm_kaoru;sm_hideo;sm_shoma;sm_shun;sm_shiki;sm_suzaku;sm_michiru;sm_ryo;sm_sora,,false,,,,
20251115_sm_wgf_osaka_d1_night,34,main,s_crownusking,sm_teru;sm_kaoru;sm_tsubasa;sm_hideo;sm_ryu;sm_seiji;sm_kirio;sm_shoma;sm_kuro;sm_hayato;sm_shun;sm_natsuki;sm_haruna;sm_shiki;sm_suzaku;sm_genbu;sm_takeru;sm_michiru;sm_ren;sm_ryo;sm_daigo;sm_kazuki;sm_amehiko;sm_sora;sm_chris,,false,,,,
20251115_sm_wgf_osaka_d1_night,35,encore,s_supremestars,sm_teru;sm_kaoru;sm_tsubasa;sm_hideo;sm_ryu;sm_seiji;sm_kirio;sm_shoma;sm_kuro;sm_hayato;sm_shun;sm_natsuki;sm_haruna;sm_shiki;sm_suzaku;sm_genbu;sm_takeru;sm_michiru;sm_ren;sm_ryo;sm_daigo;sm_kazuki;sm_amehiko;sm_sora;sm_chris,,false,,,,
20251116_sm_wgf_osaka_d2_day,1,main,s_arrivetostar,sm_teru;sm_kaoru;sm_tsubasa,,false,,,,
20251116_sm_wgf_osaka_d2_day,2,main,s_missionis,sm_hideo;sm_ryu;sm_seiji,,false,,,,
20251116_sm_wgf_osaka_d2_day,3,main,s_wanderfulnippon,sm_kirio;sm_shoma;sm_kuro,,false,,,,
20251116_sm_wgf_osaka_d2_day,4,main,s_theradicaljoker,sm_hayato;sm_shun;sm_natsuki;sm_haruna;sm_shiki,,false,,,,
20251116_sm_wgf_osaka_d2_day,5,main,s_burnitup,sm_suzaku;sm_genbu,,false,,,,
20251116_sm_wgf_osaka_d2_day,6,main,s_proofofoneself,sm_takeru;sm_michiru;sm_ren,,false,,,,
20251116_sm_wgf_osaka_d2_day,7,main,s_hopesjourney,sm_ryo;sm_daigo;sm_kazuki,,false,,,,
20251116_sm_wgf_osaka_d2_day,8,main,s_focusonyourlife,sm_amehiko;sm_sora;sm_chris,,false,,,,
20251116_sm_wgf_osaka_d2_day,9,main,s_fighting,sm_takeru;sm_michiru;sm_ren,,false,,,,
20251116_sm_wgf_osaka_d2_day,10,main,s_rayoflight,sm_takeru;sm_michiru;sm_ren,,false,,,,
20251116_sm_wgf_osaka_d2_day,11,main,s_ultimateflame,sm_hideo;sm_ryu;sm_seiji,,false,,,,
20251116_sm_wgf_osaka_d2_day,12,main,s_sm_0yqyke8,sm_hideo;sm_ryu;sm_seiji,,false,,,,
20251116_sm_wgf_osaka_d2_day,13,main,s_rightwaysoulmate,sm_suzaku;sm_genbu,,false,,,,
20251116_sm_wgf_osaka_d2_day,14,main,s_sm_0sa7uq4,sm_suzaku;sm_genbu,,false,,,,
20251116_sm_wgf_osaka_d2_day,15,main,s_legacyofspirit,sm_amehiko;sm_sora;sm_chris,,false,,,,
20251116_sm_wgf_osaka_d2_day,16,main,s_makenewlegend,sm_amehiko;sm_sora;sm_chris,,false,,,,
20251116_sm_wgf_osaka_d2_day,17,main,s_sm_02clr03,sm_kirio;sm_shoma;sm_kuro,,false,,,,
20251116_sm_wgf_osaka_d2_day,18,main,s_sm_1eth4io,sm_kirio;sm_shoma;sm_kuro,,false,,,,
20251116_sm_wgf_osaka_d2_day,19,main,s_dramaticnonfiction,sm_teru;sm_kaoru;sm_tsubasa,,false,,,,
20251116_sm_wgf_osaka_d2_day,20,main,s_staroverstar,sm_teru;sm_kaoru;sm_tsubasa,,false,,,,
20251116_sm_wgf_osaka_d2_day,21,main,s_sunsetcolors,sm_hayato;sm_shun;sm_natsuki;sm_haruna;sm_shiki,,false,,,,
20251116_sm_wgf_osaka_d2_day,22,main,s_towardpolestar,sm_hayato;sm_shun;sm_natsuki;sm_haruna;sm_shiki,,false,,,,
20251116_sm_wgf_osaka_d2_day,23,main,s_cupids,sm_ryo;sm_daigo;sm_kazuki,,false,,,,
20251116_sm_wgf_osaka_d2_day,24,main,s_brightsunnyday,sm_ryo;sm_daigo;sm_kazuki,,false,,,,
20251116_sm_wgf_osaka_d2_day,25,main,s_permafrost,sm_sora,,false,,,,
20251116_sm_wgf_osaka_d2_day,26,main,s_withstory,sm_ryo,,false,,,,
20251116_sm_wgf_osaka_d2_day,27,main,s_catchmeifyoucan,sm_michiru,,false,,,,
20251116_sm_wgf_osaka_d2_day,28,main,s_bluesy,sm_suzaku,,false,,,,
20251116_sm_wgf_osaka_d2_day,29,main,s_oursong,sm_shun;sm_shiki,,false,,,,
20251116_sm_wgf_osaka_d2_day,30,main,s_sm_0hdn3zk,sm_shoma,,false,,,,
20251116_sm_wgf_osaka_d2_day,31,main,s_sm_1coxlo6,sm_hideo,,false,,,,
20251116_sm_wgf_osaka_d2_day,32,main,s_rainymemories,sm_kaoru,,false,,,,
20251116_sm_wgf_osaka_d2_day,33,main,s_gloriousrod,sm_kaoru;sm_hideo;sm_shoma;sm_shun;sm_shiki;sm_suzaku;sm_michiru;sm_ryo;sm_sora,,false,,,,
20251116_sm_wgf_osaka_d2_day,34,main,s_crownusking,sm_teru;sm_kaoru;sm_tsubasa;sm_hideo;sm_ryu;sm_seiji;sm_kirio;sm_shoma;sm_kuro;sm_hayato;sm_shun;sm_natsuki;sm_haruna;sm_shiki;sm_suzaku;sm_genbu;sm_takeru;sm_michiru;sm_ren;sm_ryo;sm_daigo;sm_kazuki;sm_amehiko;sm_sora;sm_chris,,false,,,,
20251116_sm_wgf_osaka_d2_day,35,encore,s_supremestars,sm_teru;sm_kaoru;sm_tsubasa;sm_hideo;sm_ryu;sm_seiji;sm_kirio;sm_shoma;sm_kuro;sm_hayato;sm_shun;sm_natsuki;sm_haruna;sm_shiki;sm_suzaku;sm_genbu;sm_takeru;sm_michiru;sm_ren;sm_ryo;sm_daigo;sm_kazuki;sm_amehiko;sm_sora;sm_chris,,false,,,,
20251116_sm_wgf_osaka_d2_night,1,main,s_arrivetostar,sm_teru;sm_kaoru;sm_tsubasa,,false,,,,
20251116_sm_wgf_osaka_d2_night,2,main,s_missionis,sm_hideo;sm_ryu;sm_seiji,,false,,,,
20251116_sm_wgf_osaka_d2_night,3,main,s_wanderfulnippon,sm_kirio;sm_shoma;sm_kuro,,false,,,,
20251116_sm_wgf_osaka_d2_night,4,main,s_theradicaljoker,sm_hayato;sm_shun;sm_natsuki;sm_haruna;sm_shiki,,false,,,,
20251116_sm_wgf_osaka_d2_night,5,main,s_burnitup,sm_suzaku;sm_genbu,,false,,,,
20251116_sm_wgf_osaka_d2_night,6,main,s_proofofoneself,sm_takeru;sm_michiru;sm_ren,,false,,,,
20251116_sm_wgf_osaka_d2_night,7,main,s_hopesjourney,sm_ryo;sm_daigo;sm_kazuki,,false,,,,
20251116_sm_wgf_osaka_d2_night,8,main,s_focusonyourlife,sm_amehiko;sm_sora;sm_chris,,false,,,,
20251116_sm_wgf_osaka_d2_night,9,main,s_rightwaysoulmate,sm_suzaku;sm_genbu,,false,,,,
20251116_sm_wgf_osaka_d2_night,10,main,s_sm_1eqghhu,sm_suzaku;sm_genbu,,false,,,,
20251116_sm_wgf_osaka_d2_night,11,main,s_cupids,sm_ryo;sm_daigo;sm_kazuki,,false,,,,
20251116_sm_wgf_osaka_d2_night,12,main,s_fantasticdiscotheque,sm_ryo;sm_daigo;sm_kazuki,,false,,,,
20251116_sm_wgf_osaka_d2_night,13,main,s_ultimateflame,sm_hideo;sm_ryu;sm_seiji,,false,,,,
20251116_sm_wgf_osaka_d2_night,14,main,s_ambercoloroasis,sm_hideo;sm_ryu;sm_seiji,,false,,,,
20251116_sm_wgf_osaka_d2_night,15,main,s_dramaticnonfiction,sm_teru;sm_kaoru;sm_tsubasa,,false,,,,
20251116_sm_wgf_osaka_d2_night,16,main,s_moonnight,sm_teru;sm_kaoru;sm_tsubasa,,false,,,,
20251116_sm_wgf_osaka_d2_night,17,main,s_legacyofspirit,sm_amehiko;sm_sora;sm_chris,,false,,,,
20251116_sm_wgf_osaka_d2_night,18,main,s_sm_0iwgeyd,sm_amehiko;sm_sora;sm_chris,,false,,,,
20251116_sm_wgf_osaka_d2_night,19,main,s_sunsetcolors,sm_hayato;sm_shun;sm_natsuki;sm_haruna;sm_shiki,,false,,,,
20251116_sm_wgf_osaka_d2_night,20,main,s_joyfulheartmaker,sm_hayato;sm_shun;sm_natsuki;sm_haruna;sm_shiki,,false,,,,
20251116_sm_wgf_osaka_d2_night,21,main,s_fighting,sm_takeru;sm_michiru;sm_ren,,false,,,,
20251116_sm_wgf_osaka_d2_night,22,main,s_sm_1jxhmcc,sm_takeru;sm_michiru;sm_ren,,false,,,,
20251116_sm_wgf_osaka_d2_night,23,main,s_sm_02clr03,sm_kirio;sm_shoma;sm_kuro,,false,,,,
20251116_sm_wgf_osaka_d2_night,24,main,s_sm_0z6kyn5,sm_kirio;sm_shoma;sm_kuro,,false,,,,
20251116_sm_wgf_osaka_d2_night,25,main,s_permafrost,sm_sora,,false,,,,
20251116_sm_wgf_osaka_d2_night,26,main,s_withstory,sm_ryo,,false,,,,
20251116_sm_wgf_osaka_d2_night,27,main,s_catchmeifyoucan,sm_michiru,,false,,,,
20251116_sm_wgf_osaka_d2_night,28,main,s_bluesy,sm_suzaku,,false,,,,
20251116_sm_wgf_osaka_d2_night,29,main,s_oursong,sm_shun;sm_shiki,,false,,,,
20251116_sm_wgf_osaka_d2_night,30,main,s_sm_0hdn3zk,sm_shoma,,false,,,,
20251116_sm_wgf_osaka_d2_night,31,main,s_sm_1coxlo6,sm_hideo,,false,,,,
20251116_sm_wgf_osaka_d2_night,32,main,s_rainymemories,sm_kaoru,,false,,,,
20251116_sm_wgf_osaka_d2_night,33,main,s_gloriousrod,sm_kaoru;sm_hideo;sm_shoma;sm_shun;sm_shiki;sm_suzaku;sm_michiru;sm_ryo;sm_sora,,false,,,,
20251116_sm_wgf_osaka_d2_night,34,main,s_crownusking,sm_teru;sm_kaoru;sm_tsubasa;sm_hideo;sm_ryu;sm_seiji;sm_kirio;sm_shoma;sm_kuro;sm_hayato;sm_shun;sm_natsuki;sm_haruna;sm_shiki;sm_suzaku;sm_genbu;sm_takeru;sm_michiru;sm_ren;sm_ryo;sm_daigo;sm_kazuki;sm_amehiko;sm_sora;sm_chris,,false,,,,
20251116_sm_wgf_osaka_d2_night,35,encore,s_supremestars,sm_teru;sm_kaoru;sm_tsubasa;sm_hideo;sm_ryu;sm_seiji;sm_kirio;sm_shoma;sm_kuro;sm_hayato;sm_shun;sm_natsuki;sm_haruna;sm_shiki;sm_suzaku;sm_genbu;sm_takeru;sm_michiru;sm_ren;sm_ryo;sm_daigo;sm_kazuki;sm_amehiko;sm_sora;sm_chris,,false,,,,
